"","Date","Experimental_leaf","Leaf_removal","ColonySize","Prop.new","Treatment","Colony","Week","Agegroup","IB_taken","Leaves_taken","Prop_PT","Set","EorN","ln_LeavesTaken","IB_prop","PT_taken","Year","Queen"
"1",20170427,"IB","IB removal",268,0,"CHX","31503",1,"old",1,14,0.0714285714285714,"I","Experienced",2.63905732961526,0.0714285714285714,1,"2017","original"
"2",20170427,"IB","IB removal",320,0,"CHX","GreenTub",1,"old",0,23,0,"I","Experienced",3.13549421592915,0,0,"2017","original"
"3",20170427,"IB","IB removal",507,0,"CHX","31502",1,"old",0,42,0,"I","Experienced",3.73766961828337,0,0,"2017","original"
"4",20170427,"IB","IB removal",565,0,"CHX","31501",1,"old",2,48,0.0416666666666667,"I","Experienced",3.87120101090789,0.0416666666666667,2,"2017","original"
"5",20170510,"IB","IB removal",212,0.188679245283019,"CHX","31503",3,"new",0,3,0,"I","Naive",1.09861228866811,0,0,"2017","original"
"6",20170510,"IB","IB removal",212,0.188679245283019,"CHX","31503",3,"old",1,26,0.0384615384615385,"I","Experienced",3.25809653802148,0.0384615384615385,1,"2017","original"
"7",20170510,"IB","IB removal",276,0.0760869565217391,"CHX","GreenTub",3,"old",1,30,0.0333333333333333,"I","Experienced",3.40119738166216,0.0333333333333333,1,"2017","original"
"8",20170510,"IB","IB removal",424,0.129716981132075,"CHX","31501",3,"old",1,51,0.0196078431372549,"I","Experienced",3.93182563272433,0.0196078431372549,1,"2017","original"
"9",20170510,"IB","IB removal",439,0.138952164009112,"CHX","31502",3,"old",0,42,0,"I","Experienced",3.73766961828337,0,0,"2017","original"
"10",20170515,"IB","IB removal",149,0,"Control","41901",1,"old",40,49,0.816326530612245,"II","Experienced",3.89182029811063,0.816326530612245,40,"2017","original"
"11",20170515,"IB","IB removal",203,0,"Control","41902",1,"old",41,53,0.773584905660377,"II","Experienced",3.97029191355212,0.773584905660377,41,"2017","original"
"12",20170515,"IB","IB removal",240,0,"Control","42001",1,"old",39,59,0.661016949152542,"II","Experienced",4.07753744390572,0.661016949152542,39,"2017","original"
"13",20170524,"IB","IB removal",128,0.1328125,"CHX","GreenTub",5,"old",10,55,0.181818181818182,"I","Experienced",4.00733318523247,0.181818181818182,10,"2017","original"
"14",20170524,"IB","IB removal",335,0.155223880597015,"CHX","31502",5,"old",3,72,0.0416666666666667,"I","Experienced",4.27666611901606,0.0416666666666667,3,"2017","original"
"15",20170524,"IB","IB removal",384,0.145833333333333,"CHX","31501",5,"old",1,62,0.0161290322580645,"I","Experienced",4.12713438504509,0.0161290322580645,1,"2017","original"
"16",20170527,"IB","IB removal",29,0,"CHX","21801",1,"old",7,12,0.583333333333333,"I","Experienced",2.484906649788,0.583333333333333,7,"2017","original"
"17",20170527,"IB","IB removal",46,0,"CHX","22301",1,"old",6,15,0.4,"I","Experienced",2.70805020110221,0.4,6,"2017","original"
"18",20170527,"IB","IB removal",109,0,"CHX","42002",1,"old",5,15,0.333333333333333,"I","Experienced",2.70805020110221,0.333333333333333,5,"2017","original"
"19",20170527,"IB","IB removal",230,0,"Control","51303",1,"old",56,79,0.708860759493671,"II","Experienced",4.36944785246702,0.708860759493671,56,"2017","original"
"20",20170527,"IB","IB removal",325,0,"Control","51302",1,"old",66,116,0.568965517241379,"II","Experienced",4.75359019110636,0.568965517241379,66,"2017","original"
"21",20170527,"IB","IB removal",404,0,"Control","51301",1,"old",59,127,0.464566929133858,"II","Experienced",4.84418708645859,0.464566929133858,59,"2017","original"
"22",20170528,"IB","IB removal",106,0.0849056603773585,"Control","41901",3,"old",61,87,0.701149425287356,"II","Experienced",4.46590811865458,0.701149425287356,61,"2017","original"
"23",20170528,"IB","IB removal",145,0.0827586206896552,"Control","41902",3,"new",0,2,0,"II","Naive",0.693147180559945,0,0,"2017","original"
"24",20170528,"IB","IB removal",145,0.0827586206896552,"Control","41902",3,"old",45,87,0.517241379310345,"II","Experienced",4.46590811865458,0.517241379310345,45,"2017","original"
"25",20170528,"IB","IB removal",226,0.261061946902655,"Control","42001",3,"old",51,89,0.573033707865168,"II","Experienced",4.48863636973214,0.573033707865168,51,"2017","original"
"26",20170607,"IB","IB removal",132,0.204545454545455,"CHX","GreenTub",7,"new",1,2,0.5,"I","Naive",0.693147180559945,0.5,1,"2017","original"
"27",20170607,"IB","IB removal",132,0.204545454545455,"CHX","GreenTub",7,"old",3,52,0.0576923076923077,"I","Experienced",3.95124371858143,0.0576923076923077,3,"2017","original"
"28",20170607,"IB","IB removal",176,0.215909090909091,"CHX","31503",7,"old",0,13,0,"I","Experienced",2.56494935746154,0,0,"2017","original"
"29",20170607,"IB","IB removal",263,0.159695817490494,"CHX","31501",7,"old",0,53,0,"I","Experienced",3.97029191355212,0,0,"2017","original"
"30",20170607,"IB","IB removal",293,0.167235494880546,"CHX","31502",7,"old",0,53,0,"I","Experienced",3.97029191355212,0,0,"2017","original"
"31",20170609,"IB","IB removal",54,0.518518518518518,"CHX","21801",3,"old",0,8,0,"I","Experienced",2.07944154167984,0,0,"2017","original"
"32",20170609,"IB","IB removal",78,0.179487179487179,"CHX","42002",3,"old",17,51,0.333333333333333,"I","Experienced",3.93182563272433,0.333333333333333,17,"2017","original"
"33",20170609,"IB","IB removal",238,0.5,"Control","51303",3,"new",3,4,0.75,"II","Naive",1.38629436111989,0.75,3,"2017","original"
"34",20170609,"IB","IB removal",238,0.5,"Control","51303",3,"old",45,79,0.569620253164557,"II","Experienced",4.36944785246702,0.569620253164557,45,"2017","original"
"35",20170609,"IB","IB removal",277,0.223826714801444,"Control","51302",3,"old",73,95,0.768421052631579,"II","Experienced",4.55387689160054,0.768421052631579,73,"2017","original"
"36",20170609,"IB","IB removal",340,0.185294117647059,"Control","51301",3,"old",48,102,0.470588235294118,"II","Experienced",4.62497281328427,0.470588235294118,48,"2017","original"
"37",20170611,"IB","IB removal",71,0.211267605633803,"Control","41901",5,"old",35,48,0.729166666666667,"II","Experienced",3.87120101090789,0.729166666666667,35,"2017","original"
"38",20170611,"IB","IB removal",97,0.402061855670103,"Control","41902",5,"old",35,61,0.573770491803279,"II","Experienced",4.11087386417331,0.573770491803279,35,"2017","original"
"39",20170611,"IB","IB removal",199,0.537688442211055,"Control","42001",5,"new",14,18,0.777777777777778,"II","Naive",2.89037175789616,0.777777777777778,14,"2017","original"
"40",20170611,"IB","IB removal",199,0.537688442211055,"Control","42001",5,"old",28,63,0.444444444444444,"II","Experienced",4.14313472639153,0.444444444444444,28,"2017","original"
"41",20170614,"IB","IB removal",319,0,"CHX","52501",1,"old",7,78,0.0897435897435897,"I","Experienced",4.35670882668959,0.0897435897435897,7,"2017","original"
"42",20170614,"IB","IB removal",363,0,"CHX","52504",1,"old",4,30,0.133333333333333,"I","Experienced",3.40119738166216,0.133333333333333,4,"2017","original"
"43",20170614,"IB","IB removal",379,0,"CHX","52502",1,"old",0,29,0,"I","Experienced",3.36729582998647,0,0,"2017","original"
"44",20170614,"IB","IB removal",425,0,"Control","52503",1,"old",43,99,0.434343434343434,"II","Experienced",4.59511985013459,0.434343434343434,43,"2017","original"
"45",20170614,"IB","IB removal",579,0,"CHX","52001",1,"old",1,48,0.0208333333333333,"I","Experienced",3.87120101090789,0.0208333333333333,1,"2017","original"
"46",20170614,"IB","IB removal",618,0,"Control","52002",1,"old",35,80,0.4375,"II","Experienced",4.38202663467388,0.4375,35,"2017","original"
"47",20170621,"IB","IB removal",92,0.0543478260869565,"CHX","GreenTub",9,"new",1,1,1,"I","Naive",0,1,1,"2017","original"
"48",20170621,"IB","IB removal",92,0.0543478260869565,"CHX","GreenTub",9,"old",4,85,0.0470588235294118,"I","Experienced",4.44265125649032,0.0470588235294118,4,"2017","original"
"49",20170621,"IB","IB removal",117,0.213675213675214,"CHX","31503",9,"new",1,3,0.333333333333333,"I","Naive",1.09861228866811,0.333333333333333,1,"2017","original"
"50",20170621,"IB","IB removal",117,0.213675213675214,"CHX","31503",9,"old",0,48,0,"I","Experienced",3.87120101090789,0,0,"2017","original"
"51",20170621,"IB","IB removal",156,0.391025641025641,"CHX","31501",9,"new",3,7,0.428571428571429,"I","Naive",1.94591014905531,0.428571428571429,3,"2017","requeened"
"52",20170621,"IB","IB removal",156,0.391025641025641,"CHX","31501",9,"old",18,58,0.310344827586207,"I","Experienced",4.06044301054642,0.310344827586207,18,"2017","requeened"
"53",20170621,"IB","IB removal",194,0.237113402061856,"CHX","31502",9,"new",1,2,0.5,"I","Naive",0.693147180559945,0.5,1,"2017","original"
"54",20170621,"IB","IB removal",194,0.237113402061856,"CHX","31502",9,"old",2,69,0.0289855072463768,"I","Experienced",4.23410650459726,0.0289855072463768,2,"2017","original"
"55",20170623,"IB","IB removal",48,0.291666666666667,"CHX","42002",5,"old",3,13,0.230769230769231,"I","Experienced",2.56494935746154,0.230769230769231,3,"2017","original"
"56",20170623,"IB","IB removal",74,0.756756756756757,"CHX","21801",5,"new",1,5,0.2,"I","Naive",1.6094379124341,0.2,1,"2017","original"
"57",20170623,"IB","IB removal",74,0.756756756756757,"CHX","21801",5,"old",0,22,0,"I","Experienced",3.09104245335832,0,0,"2017","original"
"58",20170623,"IB","IB removal",137,0.897810218978102,"Control","51303",5,"new",7,20,0.35,"II","Naive",2.99573227355399,0.35,7,"2017","original"
"59",20170623,"IB","IB removal",137,0.897810218978102,"Control","51303",5,"old",2,7,0.285714285714286,"II","Experienced",1.94591014905531,0.285714285714286,2,"2017","original"
"60",20170623,"IB","IB removal",199,0.522613065326633,"Control","51302",5,"new",1,6,0.166666666666667,"II","Naive",1.79175946922805,0.166666666666667,1,"2017","original"
"61",20170623,"IB","IB removal",199,0.522613065326633,"Control","51302",5,"old",34,75,0.453333333333333,"II","Experienced",4.31748811353631,0.453333333333333,34,"2017","original"
"62",20170623,"IB","IB removal",203,0.684729064039409,"Control","51301",5,"new",0,1,0,"II","Naive",0,0,0,"2017","original"
"63",20170623,"IB","IB removal",203,0.684729064039409,"Control","51301",5,"old",36,48,0.75,"II","Experienced",3.87120101090789,0.75,36,"2017","original"
"64",20170625,"IB","IB removal",34,0.5,"Control","41901",7,"old",23,42,0.547619047619048,"II","Experienced",3.73766961828337,0.547619047619048,23,"2017","original"
"65",20170625,"IB","IB removal",79,0.734177215189873,"Control","41902",7,"new",10,17,0.588235294117647,"II","Naive",2.83321334405622,0.588235294117647,10,"2017","original"
"66",20170625,"IB","IB removal",79,0.734177215189873,"Control","41902",7,"old",35,64,0.546875,"II","Experienced",4.15888308335967,0.546875,35,"2017","original"
"67",20170625,"IB","IB removal",193,0.83419689119171,"Control","42001",7,"new",24,58,0.413793103448276,"II","Naive",4.06044301054642,0.413793103448276,24,"2017","original"
"68",20170625,"IB","IB removal",193,0.83419689119171,"Control","42001",7,"old",12,21,0.571428571428571,"II","Experienced",3.04452243772342,0.571428571428571,12,"2017","original"
"69",20170627,"IB","IB removal",352,0.346590909090909,"CHX","52504",3,"old",0,17,0,"I","Experienced",2.83321334405622,0,0,"2017","original"
"70",20170627,"IB","IB removal",359,0.328690807799443,"CHX","52502",3,"old",0,29,0,"I","Experienced",3.36729582998647,0,0,"2017","original"
"71",20170627,"IB","IB removal",388,0.381443298969072,"Control","52503",3,"old",49,107,0.457943925233645,"II","Experienced",4.67282883446191,0.457943925233645,49,"2017","original"
"72",20170627,"IB","IB removal",405,0.444444444444444,"CHX","52501",3,"old",3,48,0.0625,"I","Experienced",3.87120101090789,0.0625,3,"2017","original"
"73",20170627,"IB","IB removal",427,0.637002341920375,"CHX","52001",3,"new",0,6,0,"I","Naive",1.79175946922805,0,0,"2017","original"
"74",20170627,"IB","IB removal",427,0.637002341920375,"CHX","52001",3,"old",2,43,0.0465116279069767,"I","Experienced",3.76120011569356,0.0465116279069767,2,"2017","original"
"75",20170627,"IB","IB removal",551,0.629764065335753,"Control","52002",3,"new",0,1,0,"II","Naive",0,0,0,"2017","original"
"76",20170627,"IB","IB removal",551,0.629764065335753,"Control","52002",3,"old",31,89,0.348314606741573,"II","Experienced",4.48863636973214,0.348314606741573,31,"2017","original"
"77",20170703,"IB","IB removal",402,0,"Control","62001",1,"old",58,95,0.610526315789474,"II","Experienced",4.55387689160054,0.610526315789474,58,"2017","original"
"78",20170703,"IB","IB removal",591,0,"Control","60601",1,"old",56,90,0.622222222222222,"II","Experienced",4.49980967033027,0.622222222222222,56,"2017","original"
"79",20170703,"IB","IB removal",622,0,"CHX","62002",1,"old",20,37,0.540540540540541,"I","Experienced",3.61091791264422,0.540540540540541,20,"2017","original"
"80",20170705,"IB","IB removal",86,0.0697674418604651,"CHX","GreenTub",11,"old",0,61,0,"I","Experienced",4.11087386417331,0,0,"2017","original"
"81",20170705,"IB","IB removal",134,0.537313432835821,"CHX","31503",11,"old",2,51,0.0392156862745098,"I","Experienced",3.93182563272433,0.0392156862745098,2,"2017","original"
"82",20170705,"IB","IB removal",231,0.562770562770563,"CHX","31502",11,"old",0,63,0,"I","Experienced",4.14313472639153,0,0,"2017","original"
"83",20170705,"IB","IB removal",238,0.718487394957983,"CHX","31501",11,"new",0,2,0,"I","Naive",0.693147180559945,0,0,"2017","requeened"
"84",20170705,"IB","IB removal",238,0.718487394957983,"CHX","31501",11,"old",0,43,0,"I","Experienced",3.76120011569356,0,0,"2017","requeened"
"85",20170707,"IB","IB removal",42,0.928571428571429,"Control","51301",7,"new",0,19,0,"II","Naive",2.94443897916644,0,0,"2017","requeened"
"86",20170707,"IB","IB removal",53,0.811320754716981,"CHX","42002",7,"old",4,32,0.125,"I","Experienced",3.46573590279973,0.125,4,"2017","requeened"
"87",20170707,"IB","IB removal",81,0.987654320987654,"Control","51303",11,"new",1,34,0.0294117647058824,"II","Naive",3.52636052461616,0.0294117647058824,1,"2017","original"
"88",20170707,"IB","IB removal",89,0.775280898876405,"CHX","21801",7,"new",0,28,0,"I","Naive",3.3322045101752,0,0,"2017","original"
"89",20170707,"IB","IB removal",89,0.775280898876405,"CHX","21801",7,"old",2,14,0.142857142857143,"I","Experienced",2.63905732961526,0.142857142857143,2,"2017","original"
"90",20170707,"IB","IB removal",99,0.94949494949495,"Control","51303",7,"new",20,49,0.408163265306122,"II","Naive",3.89182029811063,0.408163265306122,20,"2017","original"
"91",20170707,"IB","IB removal",99,0.94949494949495,"Control","51303",7,"old",0,7,0,"II","Experienced",1.94591014905531,0,0,"2017","original"
"92",20170707,"IB","IB removal",138,0.789855072463768,"Control","51302",7,"new",18,58,0.310344827586207,"II","Naive",4.06044301054642,0.310344827586207,18,"2017","original"
"93",20170707,"IB","IB removal",138,0.789855072463768,"Control","51302",7,"old",3,8,0.375,"II","Experienced",2.07944154167984,0.375,3,"2017","original"
"94",20170709,"IB","IB removal",23,0.695652173913043,"Control","41901",9,"new",6,13,0.461538461538462,"II","Naive",2.56494935746154,0.461538461538462,6,"2017","original"
"95",20170709,"IB","IB removal",23,0.695652173913043,"Control","41901",9,"old",12,13,0.923076923076923,"II","Experienced",2.56494935746154,0.923076923076923,12,"2017","original"
"96",20170709,"IB","IB removal",76,0.881578947368421,"Control","41902",9,"new",14,34,0.411764705882353,"II","Naive",3.52636052461616,0.411764705882353,14,"2017","original"
"97",20170709,"IB","IB removal",76,0.881578947368421,"Control","41902",9,"old",2,3,0.666666666666667,"II","Experienced",1.09861228866811,0.666666666666667,2,"2017","original"
"98",20170709,"IB","IB removal",190,0.884210526315789,"Control","42001",9,"new",5,49,0.102040816326531,"II","Naive",3.89182029811063,0.102040816326531,5,"2017","original"
"99",20170709,"IB","IB removal",190,0.884210526315789,"Control","42001",9,"old",0,1,0,"II","Experienced",0,0,0,"2017","original"
"100",20170711,"IB","IB removal",261,0.490421455938697,"CHX","52502",5,"old",0,82,0,"I","Experienced",4.40671924726425,0,0,"2017","original"
"101",20170711,"IB","IB removal",302,0.516556291390728,"Control","52503",5,"old",58,95,0.610526315789474,"II","Experienced",4.55387689160054,0.610526315789474,58,"2017","original"
"102",20170711,"IB","IB removal",341,0.392961876832845,"CHX","52504",5,"old",2,46,0.0434782608695652,"I","Experienced",3.8286413964891,0.0434782608695652,2,"2017","original"
"103",20170711,"IB","IB removal",436,0.743119266055046,"CHX","52501",5,"old",0,20,0,"I","Experienced",2.99573227355399,0,0,"2017","original"
"104",20170711,"IB","IB removal",483,0.954451345755694,"CHX","52001",5,"new",0,18,0,"I","Naive",2.89037175789616,0,0,"2017","original"
"105",20170711,"IB","IB removal",543,0.880294659300184,"Control","52002",5,"new",2,21,0.0952380952380952,"II","Naive",3.04452243772342,0.0952380952380952,2,"2017","original"
"106",20170711,"IB","IB removal",543,0.880294659300184,"Control","52002",5,"old",2,13,0.153846153846154,"II","Experienced",2.56494935746154,0.153846153846154,2,"2017","original"
"107",20170716,"IB","IB removal",355,0.129577464788732,"Control","62001",3,"old",113,214,0.52803738317757,"II","Experienced",5.36597601502185,0.52803738317757,113,"2017","original"
"108",20170716,"IB","IB removal",461,0.268980477223427,"CHX","62002",3,"old",0,62,0,"I","Experienced",4.12713438504509,0,0,"2017","original"
"109",20170716,"IB","IB removal",554,0.249097472924188,"Control","60601",3,"old",60,121,0.495867768595041,"II","Experienced",4.79579054559674,0.495867768595041,60,"2017","original"
"110",20170719,"IB","IB removal",96,0.208333333333333,"CHX","GreenTub",13,"old",0,20,0,"I","Experienced",2.99573227355399,0,0,"2017","original"
"111",20170719,"IB","IB removal",121,0.578512396694215,"CHX","31503",13,"new",0,1,0,"I","Naive",0,0,0,"2017","original"
"112",20170719,"IB","IB removal",121,0.578512396694215,"CHX","31503",13,"old",1,40,0.025,"I","Experienced",3.68887945411394,0.025,1,"2017","original"
"113",20170719,"IB","IB removal",225,0.88,"CHX","31501",13,"new",1,19,0.0526315789473684,"I","Naive",2.94443897916644,0.0526315789473684,1,"2017","requeened"
"114",20170719,"IB","IB removal",225,0.88,"CHX","31501",13,"old",1,17,0.0588235294117647,"I","Experienced",2.83321334405622,0.0588235294117647,1,"2017","requeened"
"115",20170719,"IB","IB removal",236,0.635593220338983,"CHX","31502",13,"new",0,3,0,"I","Naive",1.09861228866811,0,0,"2017","original"
"116",20170719,"IB","IB removal",236,0.635593220338983,"CHX","31502",13,"old",0,26,0,"I","Experienced",3.25809653802148,0,0,"2017","original"
"117",20170721,"IB","IB removal",24,0.958333333333333,"Control","51301",9,"new",0,18,0,"II","Naive",2.89037175789616,0,0,"2017","requeened"
"118",20170721,"IB","IB removal",66,0.772727272727273,"CHX","42002",9,"new",0,6,0,"I","Naive",1.79175946922805,0,0,"2017","requeened"
"119",20170721,"IB","IB removal",66,0.772727272727273,"CHX","42002",9,"old",0,13,0,"I","Experienced",2.56494935746154,0,0,"2017","requeened"
"120",20170721,"IB","IB removal",87,0.954022988505747,"Control","51302",9,"new",0,19,0,"II","Naive",2.94443897916644,0,0,"2017","original"
"121",20170721,"IB","IB removal",97,0.835051546391753,"CHX","21801",9,"new",0,22,0,"I","Naive",3.09104245335832,0,0,"2017","original"
"122",20170721,"IB","IB removal",97,0.835051546391753,"CHX","21801",9,"old",0,8,0,"I","Experienced",2.07944154167984,0,0,"2017","original"
"123",20170721,"IB","IB removal",107,0.897196261682243,"Control","51303",9,"new",15,59,0.254237288135593,"II","Naive",4.07753744390572,0.254237288135593,15,"2017","original"
"124",20170723,"IB","IB removal",15,0.866666666666667,"Control","41901",11,"new",6,26,0.230769230769231,"II","Naive",3.25809653802148,0.230769230769231,6,"2017","original"
"125",20170723,"IB","IB removal",15,0.866666666666667,"Control","41901",11,"old",2,4,0.5,"II","Experienced",1.38629436111989,0.5,2,"2017","original"
"126",20170723,"IB","IB removal",79,0.924050632911392,"Control","41902",11,"new",17,45,0.377777777777778,"II","Naive",3.80666248977032,0.377777777777778,17,"2017","original"
"127",20170723,"IB","IB removal",79,0.924050632911392,"Control","41902",11,"old",7,7,1,"II","Experienced",1.94591014905531,1,7,"2017","original"
"128",20170723,"IB","IB removal",179,0.927374301675978,"Control","42001",11,"new",4,54,0.0740740740740741,"II","Naive",3.98898404656427,0.0740740740740741,4,"2017","original"
"129",20170723,"IB","IB removal",179,0.927374301675978,"Control","42001",11,"old",0,1,0,"II","Experienced",0,0,0,"2017","original"
"130",20170725,"IB","IB removal",200,0.575,"CHX","52502",7,"new",0,16,0,"I","Naive",2.77258872223978,0,0,"2017","original"
"131",20170725,"IB","IB removal",200,0.575,"CHX","52502",7,"old",1,28,0.0357142857142857,"I","Experienced",3.3322045101752,0.0357142857142857,1,"2017","original"
"132",20170725,"IB","IB removal",200,0.705,"Control","52503",7,"new",23,68,0.338235294117647,"II","Naive",4.21950770517611,0.338235294117647,23,"2017","original"
"133",20170725,"IB","IB removal",200,0.705,"Control","52503",7,"old",3,5,0.6,"II","Experienced",1.6094379124341,0.6,3,"2017","original"
"134",20170725,"IB","IB removal",288,0.420138888888889,"CHX","52504",7,"new",0,2,0,"I","Naive",0.693147180559945,0,0,"2017","original"
"135",20170725,"IB","IB removal",288,0.420138888888889,"CHX","52504",7,"old",0,47,0,"I","Experienced",3.85014760171006,0,0,"2017","original"
"136",20170725,"IB","IB removal",358,1,"CHX","52001",7,"new",4,28,0.142857142857143,"I","Naive",3.3322045101752,0.142857142857143,4,"2017","original"
"137",20170725,"IB","IB removal",427,0.836065573770492,"CHX","52501",7,"new",1,57,0.0175438596491228,"I","Naive",4.04305126783455,0.0175438596491228,1,"2017","original"
"138",20170725,"IB","IB removal",427,0.836065573770492,"CHX","52501",7,"old",0,6,0,"I","Experienced",1.79175946922805,0,0,"2017","original"
"139",20170725,"IB","IB removal",428,0.957943925233645,"Control","52002",7,"new",0,18,0,"II","Naive",2.89037175789616,0,0,"2017","original"
"140",20170725,"IB","IB removal",428,0.957943925233645,"Control","52002",7,"old",0,6,0,"II","Experienced",1.79175946922805,0,0,"2017","original"
"141",20170730,"IB","IB removal",268,0.391791044776119,"Control","62001",5,"new",0,1,0,"II","Naive",0,0,0,"2017","original"
"142",20170730,"IB","IB removal",268,0.391791044776119,"Control","62001",5,"old",36,93,0.387096774193548,"II","Experienced",4.53259949315326,0.387096774193548,36,"2017","original"
"143",20170730,"IB","IB removal",415,0.580722891566265,"CHX","62002",5,"old",0,50,0,"I","Experienced",3.91202300542815,0,0,"2017","original"
"144",20170730,"IB","IB removal",424,0.507075471698113,"Control","60601",5,"new",3,17,0.176470588235294,"II","Naive",2.83321334405622,0.176470588235294,3,"2017","original"
"145",20170730,"IB","IB removal",424,0.507075471698113,"Control","60601",5,"old",25,67,0.373134328358209,"II","Experienced",4.20469261939097,0.373134328358209,25,"2017","original"
"146",20170802,"IB","IB removal",120,0.508333333333333,"CHX","GreenTub",15,"old",3,32,0.09375,"I","Experienced",3.46573590279973,0.09375,3,"2017","original"
"147",20170802,"IB","IB removal",153,0.725490196078431,"CHX","31503",15,"new",0,29,0,"I","Naive",3.36729582998647,0,0,"2017","original"
"148",20170802,"IB","IB removal",153,0.725490196078431,"CHX","31503",15,"old",0,14,0,"I","Experienced",2.63905732961526,0,0,"2017","original"
"149",20170802,"IB","IB removal",189,0.952380952380952,"CHX","31501",15,"new",3,55,0.0545454545454545,"I","Naive",4.00733318523247,0.0545454545454545,3,"2017","requeened"
"150",20170802,"IB","IB removal",189,0.952380952380952,"CHX","31501",15,"old",0,2,0,"I","Experienced",0.693147180559945,0,0,"2017","requeened"
"151",20170802,"IB","IB removal",244,0.811475409836066,"CHX","31502",15,"new",0,19,0,"I","Naive",2.94443897916644,0,0,"2017","original"
"152",20170802,"IB","IB removal",244,0.811475409836066,"CHX","31502",15,"old",0,27,0,"I","Experienced",3.29583686600433,0,0,"2017","original"
"153",20170804,"IB","IB removal",22,1,"Control","51301",11,"new",0,17,0,"II","Naive",2.83321334405622,0,0,"2017","requeened"
"154",20170804,"IB","IB removal",55,0.854545454545454,"CHX","42002",11,"new",1,7,0.142857142857143,"I","Naive",1.94591014905531,0.142857142857143,1,"2017","requeened"
"155",20170804,"IB","IB removal",55,0.854545454545454,"CHX","42002",11,"old",1,4,0.25,"I","Experienced",1.38629436111989,0.25,1,"2017","requeened"
"156",20170804,"IB","IB removal",90,0.988888888888889,"Control","51302",11,"new",23,50,0.46,"II","Naive",3.91202300542815,0.46,23,"2017","original"
"157",20170804,"IB","IB removal",90,0.988888888888889,"Control","51302",11,"old",3,3,1,"II","Experienced",1.09861228866811,1,3,"2017","original"
"158",20170804,"IB","IB removal",139,0.97841726618705,"CHX","21801",11,"new",4,47,0.0851063829787234,"I","Naive",3.85014760171006,0.0851063829787234,4,"2017","original"
"159",20170806,"IB","IB removal",12,0.916666666666667,"Control","41901",13,"new",4,15,0.266666666666667,"II","Naive",2.70805020110221,0.266666666666667,4,"2017","original"
"160",20170806,"IB","IB removal",12,0.916666666666667,"Control","41901",13,"old",4,8,0.5,"II","Experienced",2.07944154167984,0.5,4,"2017","original"
"161",20170806,"IB","IB removal",88,1,"Control","41902",13,"new",0,41,0,"II","Naive",3.71357206670431,0,0,"2017","original"
"162",20170806,"IB","IB removal",188,0.99468085106383,"Control","42001",13,"new",6,41,0.146341463414634,"II","Naive",3.71357206670431,0.146341463414634,6,"2017","original"
"163",20170808,"IB","IB removal",168,0.952380952380952,"Control","52503",9,"new",27,88,0.306818181818182,"II","Naive",4.47733681447821,0.306818181818182,27,"2017","original"
"164",20170808,"IB","IB removal",168,0.952380952380952,"Control","52503",9,"old",0,2,0,"II","Experienced",0.693147180559945,0,0,"2017","original"
"165",20170808,"IB","IB removal",202,0.856435643564356,"CHX","52504",9,"new",4,67,0.0597014925373134,"I","Naive",4.20469261939097,0.0597014925373134,4,"2017","original"
"166",20170808,"IB","IB removal",202,0.856435643564356,"CHX","52504",9,"old",1,7,0.142857142857143,"I","Experienced",1.94591014905531,0.142857142857143,1,"2017","original"
"167",20170808,"IB","IB removal",271,0.988929889298893,"CHX","52501",9,"new",2,78,0.0256410256410256,"I","Naive",4.35670882668959,0.0256410256410256,2,"2017","original"
"168",20170808,"IB","IB removal",282,0.826241134751773,"CHX","52502",9,"new",1,67,0.0149253731343284,"I","Naive",4.20469261939097,0.0149253731343284,1,"2017","original"
"169",20170808,"IB","IB removal",282,0.826241134751773,"CHX","52502",9,"old",0,8,0,"I","Experienced",2.07944154167984,0,0,"2017","original"
"170",20170808,"IB","IB removal",368,0.972826086956522,"Control","52002",9,"new",47,93,0.505376344086022,"II","Naive",4.53259949315326,0.505376344086022,47,"2017","original"
"171",20170813,"IB","IB removal",260,0.55,"Control","62001",7,"new",3,9,0.333333333333333,"II","Naive",2.19722457733622,0.333333333333333,3,"2017","original"
"172",20170813,"IB","IB removal",260,0.55,"Control","62001",7,"old",52,109,0.477064220183486,"II","Experienced",4.69134788222914,0.477064220183486,52,"2017","original"
"173",20170813,"IB","IB removal",265,0.879245283018868,"CHX","62002",7,"new",8,103,0.0776699029126214,"I","Naive",4.63472898822964,0.0776699029126214,8,"2017","original"
"174",20170813,"IB","IB removal",265,0.879245283018868,"CHX","62002",7,"old",1,5,0.2,"I","Experienced",1.6094379124341,0.2,1,"2017","original"
"175",20170813,"IB","IB removal",440,0.697727272727273,"Control","60601",7,"new",38,85,0.447058823529412,"II","Naive",4.44265125649032,0.447058823529412,38,"2017","original"
"176",20170813,"IB","IB removal",440,0.697727272727273,"Control","60601",7,"old",7,30,0.233333333333333,"II","Experienced",3.40119738166216,0.233333333333333,7,"2017","original"
"177",20170816,"IB","IB removal",156,0.705128205128205,"CHX","GreenTub",17,"new",12,30,0.4,"I","Naive",3.40119738166216,0.4,12,"2017","original"
"178",20170816,"IB","IB removal",156,0.705128205128205,"CHX","GreenTub",17,"old",4,18,0.222222222222222,"I","Experienced",2.89037175789616,0.222222222222222,4,"2017","original"
"179",20170816,"IB","IB removal",213,0.812206572769953,"CHX","31503",17,"new",0,29,0,"I","Naive",3.36729582998647,0,0,"2017","original"
"180",20170816,"IB","IB removal",213,0.812206572769953,"CHX","31503",17,"old",0,6,0,"I","Experienced",1.79175946922805,0,0,"2017","original"
"181",20170816,"IB","IB removal",297,0.966329966329966,"CHX","31502",17,"new",1,53,0.0188679245283019,"I","Naive",3.97029191355212,0.0188679245283019,1,"2017","original"
"182",20170816,"IB","IB removal",297,0.966329966329966,"CHX","31502",17,"old",0,1,0,"I","Experienced",0,0,0,"2017","original"
"183",20170816,"IB","IB removal",304,0.990131578947368,"CHX","31501",17,"new",13,74,0.175675675675676,"I","Naive",4.30406509320417,0.175675675675676,13,"2017","requeened"
"184",20170818,"IB","IB removal",20,1,"Control","51301",13,"new",1,20,0.05,"II","Naive",2.99573227355399,0.05,1,"2017","requeened"
"185",20170818,"IB","IB removal",49,0.959183673469388,"CHX","42002",13,"new",0,17,0,"I","Naive",2.83321334405622,0,0,"2017","requeened"
"186",20170818,"IB","IB removal",73,0.986301369863014,"Control","51302",13,"new",2,20,0.1,"II","Naive",2.99573227355399,0.1,2,"2017","original"
"187",20170818,"IB","IB removal",94,0.98936170212766,"Control","51303",13,"new",1,29,0.0344827586206897,"II","Naive",3.36729582998647,0.0344827586206897,1,"2017","original"
"188",20170818,"IB","IB removal",168,0.994047619047619,"CHX","21801",13,"new",7,64,0.109375,"I","Naive",4.15888308335967,0.109375,7,"2017","original"
"189",20170820,"IB","IB removal",7,0.857142857142857,"Control","41901",15,"new",2,16,0.125,"II","Naive",2.77258872223978,0.125,2,"2017","original"
"190",20170820,"IB","IB removal",7,0.857142857142857,"Control","41901",15,"old",3,4,0.75,"II","Experienced",1.38629436111989,0.75,3,"2017","original"
"191",20170820,"IB","IB removal",105,1,"Control","41902",15,"new",3,16,0.1875,"II","Naive",2.77258872223978,0.1875,3,"2017","original"
"192",20170820,"IB","IB removal",202,0.995049504950495,"Control","42001",15,"new",41,149,0.275167785234899,"II","Naive",5.00394630594546,0.275167785234899,41,"2017","original"
"193",20170820,"IB","IB removal",202,0.995049504950495,"Control","42001",15,"old",2,4,0.5,"II","Experienced",1.38629436111989,0.5,2,"2017","original"
"194",20170822,"IB","IB removal",130,1,"Control","52503",11,"new",7,69,0.101449275362319,"II","Naive",4.23410650459726,0.101449275362319,7,"2017","original"
"195",20170822,"IB","IB removal",277,0.989169675090253,"Control","52002",11,"new",33,104,0.317307692307692,"II","Naive",4.64439089914137,0.317307692307692,33,"2017","original"
"196",20170822,"IB","IB removal",293,0.945392491467577,"CHX","52504",11,"new",2,63,0.0317460317460317,"I","Naive",4.14313472639153,0.0317460317460317,2,"2017","original"
"197",20170822,"IB","IB removal",376,0.99468085106383,"CHX","52501",11,"new",3,64,0.046875,"I","Naive",4.15888308335967,0.046875,3,"2017","original"
"198",20170822,"IB","IB removal",376,0.99468085106383,"CHX","52501",11,"old",4,4,1,"I","Experienced",1.38629436111989,1,4,"2017","original"
"199",20170822,"IB","IB removal",400,0.97,"CHX","52502",11,"new",15,92,0.16304347826087,"I","Naive",4.52178857704904,0.16304347826087,15,"2017","original"
"200",20170827,"IB","IB removal",167,0.994011976047904,"CHX","62002",9,"new",5,61,0.0819672131147541,"I","Naive",4.11087386417331,0.0819672131147541,5,"2017","original"
"201",20170827,"IB","IB removal",191,0.68586387434555,"Control","62001",9,"new",2,14,0.142857142857143,"II","Naive",2.63905732961526,0.142857142857143,2,"2017","original"
"202",20170827,"IB","IB removal",191,0.68586387434555,"Control","62001",9,"old",21,55,0.381818181818182,"II","Experienced",4.00733318523247,0.381818181818182,21,"2017","original"
"203",20170827,"IB","IB removal",247,0.947368421052632,"Control","60601",9,"new",1,55,0.0181818181818182,"II","Naive",4.00733318523247,0.0181818181818182,1,"2017","original"
"204",20170830,"IB","IB removal",159,0.905660377358491,"CHX","GreenTub",19,"new",0,14,0,"I","Naive",2.63905732961526,0,0,"2017","original"
"205",20170830,"IB","IB removal",195,0.907692307692308,"CHX","31503",19,"new",9,38,0.236842105263158,"I","Naive",3.63758615972639,0.236842105263158,9,"2017","original"
"206",20170830,"IB","IB removal",195,0.907692307692308,"CHX","31503",19,"old",0,3,0,"I","Experienced",1.09861228866811,0,0,"2017","original"
"207",20170830,"IB","IB removal",257,1,"CHX","31501",19,"new",22,66,0.333333333333333,"I","Naive",4.18965474202643,0.333333333333333,22,"2017","requeened"
"208",20170830,"IB","IB removal",298,1,"CHX","31502",19,"new",4,63,0.0634920634920635,"I","Naive",4.14313472639153,0.0634920634920635,4,"2017","original"
"209",20170901,"IB","IB removal",29,1,"CHX","42002",15,"new",1,5,0.2,"I","Naive",1.6094379124341,0.2,1,"2017","requeened"
"210",20170901,"IB","IB removal",86,0.988372093023256,"Control","51302",15,"new",0,5,0,"II","Naive",1.6094379124341,0,0,"2017","original"
"211",20170901,"IB","IB removal",92,0.989130434782609,"Control","51303",15,"new",5,30,0.166666666666667,"II","Naive",3.40119738166216,0.166666666666667,5,"2017","original"
"212",20170901,"IB","IB removal",92,0.989130434782609,"Control","51303",15,"old",1,12,0.0833333333333333,"II","Experienced",2.484906649788,0.0833333333333333,1,"2017","original"
"213",20170901,"IB","IB removal",146,0.993150684931507,"CHX","21801",15,"new",7,42,0.166666666666667,"I","Naive",3.73766961828337,0.166666666666667,7,"2017","original"
"214",20170903,"IB","IB removal",7,0.857142857142857,"Control","41901",17,"new",0,6,0,"II","Naive",1.79175946922805,0,0,"2017","original"
"215",20170903,"IB","IB removal",98,1,"Control","41902",17,"new",0,24,0,"II","Naive",3.17805383034795,0,0,"2017","original"
"216",20170903,"IB","IB removal",197,0.99492385786802,"Control","42001",17,"new",14,62,0.225806451612903,"II","Naive",4.12713438504509,0.225806451612903,14,"2017","original"
"217",20170903,"IB","IB removal",197,0.99492385786802,"Control","42001",17,"old",0,1,0,"II","Experienced",0,0,0,"2017","original"
"218",20170905,"IB","IB removal",103,1,"Control","52503",13,"new",13,41,0.317073170731707,"II","Naive",3.71357206670431,0.317073170731707,13,"2017","original"
"219",20170905,"IB","IB removal",242,1,"CHX","52501",13,"new",4,39,0.102564102564103,"I","Naive",3.66356164612965,0.102564102564103,4,"2017","original"
"220",20170905,"IB","IB removal",256,0.99609375,"Control","52002",13,"new",36,81,0.444444444444444,"II","Naive",4.39444915467244,0.444444444444444,36,"2017","original"
"221",20170905,"IB","IB removal",257,0.972762645914397,"CHX","52504",13,"new",7,42,0.166666666666667,"I","Naive",3.73766961828337,0.166666666666667,7,"2017","original"
"222",20170905,"IB","IB removal",346,1,"CHX","52502",13,"new",0,51,0,"I","Naive",3.93182563272433,0,0,"2017","original"
"223",20170910,"IB","IB removal",23,1,"CHX","62002",11,"new",1,18,0.0555555555555556,"I","Naive",2.89037175789616,0.0555555555555556,1,"2017",NA
"224",20170910,"IB","IB removal",101,0.910891089108911,"Control","62001",11,"new",3,12,0.25,"II","Naive",2.484906649788,0.25,3,"2017","original"
"225",20170910,"IB","IB removal",101,0.910891089108911,"Control","62001",11,"old",10,29,0.344827586206897,"II","Experienced",3.36729582998647,0.344827586206897,10,"2017","original"
"226",20170910,"IB","IB removal",112,0.991071428571429,"Control","60601",11,"new",12,49,0.244897959183673,"II","Naive",3.89182029811063,0.244897959183673,12,"2017","original"
"227",20170913,"IB","IB removal",32,1,"CHX","GreenTub",21,"new",0,10,0,"I","Naive",2.30258509299405,0,0,"2017","original"
"228",20170913,"IB","IB removal",166,1,"CHX","31501",21,"new",7,39,0.179487179487179,"I","Naive",3.66356164612965,0.179487179487179,7,"2017","requeened"
"229",20170913,"IB","IB removal",181,0.976331360946746,"CHX","31503",21,"new",3,34,0.0882352941176471,"I","Naive",3.52636052461616,0.0882352941176471,3,"2017","original"
"230",20170913,"IB","IB removal",240,1,"CHX","31502",21,"new",4,48,0.0833333333333333,"I","Naive",3.87120101090789,0.0833333333333333,4,"2017","original"
"231",20170915,"IB","IB removal",61,0.983606557377049,"Control","51302",17,"new",0,4,0,"II","Naive",1.38629436111989,0,0,"2017","original"
"232",20170915,"IB","IB removal",62,0.983870967741935,"Control","51303",17,"new",0,2,0,"II","Naive",0.693147180559945,0,0,"2017","original"
"233",20170915,"IB","IB removal",118,0.991525423728814,"CHX","21801",17,"new",0,6,0,"I","Naive",1.79175946922805,0,0,"2017","original"
"234",20170917,"IB","IB removal",64,1,"Control","41902",19,"new",1,16,0.0625,"II","Naive",2.77258872223978,0.0625,1,"2017","original"
"235",20170917,"IB","IB removal",153,1,"Control","42001",19,"new",1,9,0.111111111111111,"II","Naive",2.19722457733622,0.111111111111111,1,"2017","original"
"236",20170919,"IB","IB removal",219,0.990867579908676,"CHX","52504",15,"new",4,6,0.666666666666667,"I","Naive",1.79175946922805,0.666666666666667,4,"2017","original"
"237",20170924,"IB","IB removal",93,1,"Control","60601",13,"new",1,47,0.0212765957446809,"II","Naive",3.85014760171006,0.0212765957446809,1,"2017","original"
"238",20170924,"IB","IB removal",98,0.948979591836735,"Control","62001",13,"new",20,39,0.512820512820513,"II","Naive",3.66356164612965,0.512820512820513,20,"2017","original"
"239",20170924,"IB","IB removal",98,0.948979591836735,"Control","62001",13,"old",0,11,0,"II","Experienced",2.39789527279837,0,0,"2017","original"
"240",20170927,"IB","IB removal",176,0.976,"CHX","31503",23,"new",0,1,0,"I","Naive",0,0,0,"2017","original"
"241",20170929,"IB","IB removal",67,0.985074626865672,"Control","51303",19,"new",0,2,0,"II","Naive",0.693147180559945,0,0,"2017","original"
"242",20170929,"IB","IB removal",76,0.986842105263158,"Control","51302",19,"new",0,25,0,"II","Naive",3.2188758248682,0,0,"2017","original"
"243",20170929,"IB","IB removal",105,1,"CHX","21801",19,"new",0,13,0,"I","Naive",2.56494935746154,0,0,"2017","requeened"
"244",20171003,"IB","IB removal",57,1,"CHX","52504",17,"new",0,28,0,"I","Naive",3.3322045101752,0,0,"2017","original"
"245",20171008,"IB","IB removal",104,0.951923076923077,"Control","62001",15,"new",5,20,0.25,"II","Naive",2.99573227355399,0.25,5,"2017","original"
"246",20171008,"IB","IB removal",104,0.951923076923077,"Control","62001",15,"old",2,5,0.4,"II","Experienced",1.6094379124341,0.4,2,"2017","original"
"247",20171013,"IB","IB removal",82,0.986111111111111,"Control","51302",21,"new",1,16,0.0625,"II","Naive",2.77258872223978,0.0625,1,"2017","original"
"248",20171013,"IB","IB removal",93,0.982758620689655,"Control","51303",21,"new",0,12,0,"II","Naive",2.484906649788,0,0,"2017","original"
"249",20171022,"IB","IB removal",104,0.961538461538462,"Control","62001",17,"new",4,24,0.166666666666667,"II","Naive",3.17805383034795,0.166666666666667,4,"2017","original"
"250",20171022,"IB","IB removal",104,0.961538461538462,"Control","62001",17,"old",1,4,0.25,"II","Experienced",1.38629436111989,0.25,1,"2017","original"
"251",20171025,"IB","IB removal",187,0.981132075471698,"CHX","31503",27,"new",0,10,0,"I","Naive",2.30258509299405,0,0,"2017","original"
"252",20171105,"IB","IB removal",79,0.962025316455696,"Control","62001",19,"new",21,52,0.403846153846154,"II","Naive",3.95124371858143,0.403846153846154,21,"2017","original"
"253",20171105,"IB","IB removal",79,0.962025316455696,"Control","62001",19,"old",4,4,1,"II","Experienced",1.38629436111989,1,4,"2017","original"
"254",20171108,"IB","IB removal",171,1,"CHX","31503",29,"new",0,11,0,"I","Naive",2.39789527279837,0,0,"2017","original"
"255",20171119,"IB","IB removal",93,0.971428571428571,"Control","62001",21,"new",30,55,0.545454545454545,"II","Naive",4.00733318523247,0.545454545454545,30,"2017","original"
"256",20170905,"none","double removal",42,0,"Control","82601",0,"old",9,21,0.428571428571429,"V","Experienced",3.04452243772342,0.428571428571429,9.00000000000001,NA,NA
"257",20170902,"none","double removal",42,0,"Control","82601",0,"old",20,26,0.769230769230769,"V","Experienced",3.25809653802148,0.769230769230769,20,NA,NA
"258",20170831,"none","double removal",42,0,"Control","82601",0,"old",8,8,1,"V","Experienced",2.07944154167984,1,8,NA,NA
"259",20170831,"none","double removal",30,0,"Control","82602",0,"old",20,29,0.689655172413793,"V","Experienced",3.36729582998647,0.689655172413793,20,NA,NA
"260",20170902,"none","double removal",30,0,"Control","82602",0,"old",16,47,0.340425531914894,"V","Experienced",3.85014760171006,0.340425531914894,16,NA,NA
"261",20170905,"none","double removal",30,0,"Control","82602",0,"old",10,29,0.344827586206897,"V","Experienced",3.36729582998647,0.344827586206897,10,NA,NA
"262",20170831,"none","double removal",401,0,"Control","82603",0,"old",46,46,1,"V","Experienced",3.8286413964891,1,46,NA,NA
"263",20170831,"none","double removal",161,0,"Control","82604",0,"old",17,17,1,"V","Experienced",2.83321334405622,1,17,NA,NA
"264",20170831,"none","double removal",305,0,"Control","82605",0,"old",4,20,0.2,"V","Experienced",2.99573227355399,0.2,4,NA,NA
"265",20170831,"none","double removal",215,0,"Control","82606",0,"old",18,18,1,"V","Experienced",2.89037175789616,1,18,NA,NA
"266",20170902,"none","double removal",215,0,"Control","82606",0,"old",40,43,0.930232558139535,"V","Experienced",3.76120011569356,0.930232558139535,40,NA,NA
"267",20170905,"none","double removal",215,0,"Control","82606",0,"old",21,60,0.35,"V","Experienced",4.0943445622221,0.35,21,NA,NA
"268",20170908,"none","double removal",60,0,"Control","82601",1,"old",17,48,0.354166666666667,"V","Experienced",3.87120101090789,0.354166666666667,17,NA,NA
"269",20170908,"none","double removal",47,0,"Control","82602",1,"old",27,56,0.482142857142857,"V","Experienced",4.02535169073515,0.482142857142857,27,NA,NA
"270",20170908,"none","double removal",400,0,"Control","82603",1,"old",26,68,0.382352941176471,"V","Experienced",4.21950770517611,0.382352941176471,26,NA,NA
"271",20170908,"none","double removal",165,0,"Control","82604",1,"old",40,91,0.43956043956044,"V","Experienced",4.51085950651685,0.43956043956044,40,NA,NA
"272",20170908,"none","double removal",406,0,"Control","82605",1,"old",42,98,0.428571428571429,"V","Experienced",4.58496747867057,0.428571428571429,42,NA,NA
"273",20170908,"none","double removal",243,0,"Control","82606",1,"old",24,60,0.4,"V","Experienced",4.0943445622221,0.4,24,NA,NA
"274",20171116,"none","double removal",87,0.701149425287356,"Control","82601",11,"old",4,21,0.19047619047619,"V","Experienced",3.04452243772342,0.19047619047619,3.99999999999999,NA,NA
"275",20171116,"none","double removal",87,0.701149425287356,"Control","82601",11,"new",19,22,0.863636363636364,"V","Naive",3.09104245335832,0.863636363636364,19,NA,NA
"276",20171116,"none","double removal",24,0.583333333333333,"Control","82602",11,"old",0,5,0,"V","Experienced",1.6094379124341,0,0,NA,NA
"277",20171116,"none","double removal",408,0.590686274509804,"Control","82603",11,"new",11,28,0.392857142857143,"V","Naive",3.3322045101752,0.392857142857143,11,NA,NA
"278",20171116,"none","double removal",408,0.590686274509804,"Control","82603",11,"old",18,58,0.310344827586207,"V","Experienced",4.06044301054642,0.310344827586207,18,NA,NA
"279",20171116,"none","double removal",148,0.466216216216216,"Control","82604",11,"old",24,46,0.521739130434783,"V","Experienced",3.8286413964891,0.521739130434783,24,NA,NA
"280",20171116,"none","double removal",148,0.466216216216216,"Control","82604",11,"new",0,5,0,"V","Naive",1.6094379124341,0,0,NA,NA
"281",20171116,"none","double removal",332,0.786144578313253,"Control","82605",11,"old",3,16,0.1875,"V","Experienced",2.77258872223978,0.1875,3,NA,NA
"282",20171116,"none","double removal",332,0.786144578313253,"Control","82605",11,"new",45,106,0.424528301886792,"V","Naive",4.66343909411207,0.424528301886792,45,NA,NA
"283",20171116,"none","double removal",218,0.720183486238532,"Control","82606",11,"old",2,9,0.222222222222222,"V","Experienced",2.19722457733622,0.222222222222222,2,NA,NA
"284",20171116,"none","double removal",218,0.720183486238532,"Control","82606",11,"new",1,18,0.0555555555555556,"V","Naive",2.89037175789616,0.0555555555555556,1,NA,NA
"285",20170921,"none","double removal",72,0.291666666666667,"Control","82601",3,"old",0,2,0,"V","Experienced",0.693147180559945,0,0,NA,NA
"286",20170921,"none","double removal",48,0.125,"Control","82602",3,"old",1,1,1,"V","Experienced",0,1,1,NA,NA
"287",20170921,"none","double removal",390,0.141025641025641,"Control","82603",3,"old",13,33,0.393939393939394,"V","Experienced",3.49650756146648,0.393939393939394,13,NA,NA
"288",20170921,"none","double removal",140,0.05,"Control","82604",3,"old",6,14,0.428571428571429,"V","Experienced",2.63905732961526,0.428571428571429,6.00000000000001,NA,NA
"289",20170921,"none","double removal",439,0.230068337129841,"Control","82605",3,"old",21,79,0.265822784810127,"V","Experienced",4.36944785246702,0.265822784810127,21,NA,NA
"290",20170921,"none","double removal",232,0.172413793103448,"Control","82606",3,"old",7,39,0.179487179487179,"V","Experienced",3.66356164612965,0.179487179487179,6.99999999999998,NA,NA
"291",20171006,"none","double removal",67,0.343283582089552,"Control","82601",5,"old",1,3,0.333333333333333,"V","Experienced",1.09861228866811,0.333333333333333,0.999999999999999,NA,NA
"292",20171006,"none","double removal",45,0.244444444444444,"Control","82602",5,"old",1,1,1,"V","Experienced",0,1,1,NA,NA
"293",20171006,"none","double removal",425,0.251764705882353,"Control","82603",5,"old",5,22,0.227272727272727,"V","Experienced",3.09104245335832,0.227272727272727,4.99999999999999,NA,NA
"294",20171006,"none","double removal",138,0.115942028985507,"Control","82604",5,"old",12,24,0.5,"V","Experienced",3.17805383034795,0.5,12,NA,NA
"295",20171005,"none","double removal",491,0.384928716904277,"Control","82605",5,"old",30,106,0.283018867924528,"V","Experienced",4.66343909411207,0.283018867924528,30,NA,NA
"296",20171005,"none","double removal",491,0.384928716904277,"Control","82605",5,"new",5,9,0.555555555555556,"V","Naive",2.19722457733622,0.555555555555556,5,NA,NA
"297",20171006,"none","double removal",232,0.275862068965517,"Control","82606",5,"old",20,27,0.740740740740741,"V","Experienced",3.29583686600433,0.740740740740741,20,NA,NA
"298",20171019,"none","double removal",65,0.4,"Control","82601",7,"old",0,1,0,"V","Experienced",0,0,0,NA,NA
"299",20171019,"none","double removal",44,0.363636363636364,"Control","82602",7,"old",0,6,0,"V","Experienced",1.79175946922805,0,0,NA,NA
"300",20171019,"none","double removal",378,0.28042328042328,"Control","82603",7,"old",7,19,0.368421052631579,"V","Experienced",2.94443897916644,0.368421052631579,7,NA,NA
"301",20171019,"none","double removal",378,0.28042328042328,"Control","82603",7,"new",1,1,1,"V","Naive",0,1,1,NA,NA
"302",20171019,"none","double removal",156,0.294871794871795,"Control","82604",7,"old",17,53,0.320754716981132,"V","Experienced",3.97029191355212,0.320754716981132,17,NA,NA
"303",20171019,"none","double removal",371,0.555256064690027,"Control","82605",7,"old",8,39,0.205128205128205,"V","Experienced",3.66356164612965,0.205128205128205,8,NA,NA
"304",20171019,"none","double removal",371,0.555256064690027,"Control","82605",7,"new",3,14,0.214285714285714,"V","Naive",2.63905732961526,0.214285714285714,3,NA,NA
"305",20171019,"none","double removal",211,0.345971563981043,"Control","82606",7,"old",13,65,0.2,"V","Experienced",4.17438726989564,0.2,13,NA,NA
"306",20171019,"none","double removal",211,0.345971563981043,"Control","82606",7,"new",9,11,0.818181818181818,"V","Naive",2.39789527279837,0.818181818181818,9,NA,NA
"307",20171102,"none","double removal",84,0.535714285714286,"Control","82601",9,"old",2,8,0.25,"V","Experienced",2.07944154167984,0.25,2,NA,NA
"308",20171102,"none","double removal",42,0.452380952380952,"Control","82602",9,"old",3,12,0.25,"V","Experienced",2.484906649788,0.25,3,NA,NA
"309",20171102,"none","double removal",375,0.357333333333333,"Control","82603",9,"old",34,92,0.369565217391304,"V","Experienced",4.52178857704904,0.369565217391304,34,NA,NA
"310",20171102,"none","double removal",375,0.357333333333333,"Control","82603",9,"new",2,7,0.285714285714286,"V","Naive",1.94591014905531,0.285714285714286,2,NA,NA
"311",20171102,"none","double removal",162,0.376543209876543,"Control","82604",9,"old",22,34,0.647058823529412,"V","Experienced",3.52636052461616,0.647058823529412,22,NA,NA
"312",20171102,"none","double removal",162,0.376543209876543,"Control","82604",9,"new",1,1,1,"V","Naive",0,1,1,NA,NA
"313",20171102,"none","double removal",363,0.699724517906336,"Control","82605",9,"old",37,77,0.480519480519481,"V","Experienced",4.34380542185368,0.480519480519481,37,NA,NA
"314",20171102,"none","double removal",363,0.699724517906336,"Control","82605",9,"new",13,26,0.5,"V","Naive",3.25809653802148,0.5,13,NA,NA
"315",20171102,"none","double removal",217,0.488479262672811,"Control","82606",9,"old",11,19,0.578947368421053,"V","Experienced",2.94443897916644,0.578947368421053,11,NA,NA
"316",20171102,"none","double removal",217,0.488479262672811,"Control","82606",9,"new",2,12,0.166666666666667,"V","Naive",2.484906649788,0.166666666666667,2,NA,NA
"317",20180311,"IB","no removal",482,0,"CHX","Amy",1,"old",0,13,0,"III","Experienced",2.56494935746154,0,0,"2018","original"
"318",20180325,"IB","no removal",138,0,"Control","Andrew",1,"old",28,30,0.933333333333333,"IV","Experienced",3.40119738166216,0.933333333333333,28,"2018","original"
"319",20180107,"LS","no removal",566,0,"CHX","Angel",1,"old",27,27,0,"III","Experienced",3.29583686600433,1,0,"2018","original"
"320",20180107,"IB","no removal",401,0,"CHX","Anya",1,"old",9,72,0.125,"III","Experienced",4.27666611901606,0.125,9,"2018","original"
"321",20180206,"LS","no removal",577,0,"Control","Bunny",1,"old",44,72,0.388888888888889,"IV","Experienced",4.27666611901606,0.611111111111111,28,"2018","requeened"
"322",20180311,"IB","no removal",373,0,"CHX","Clem",1,"old",0,8,0,"III","Experienced",2.07944154167984,0,0,"2018","original"
"323",20180107,"LS","no removal",468,0,"Control","Cordelia",1,"old",44,90,0.511111111111111,"IV","Experienced",4.49980967033027,0.488888888888889,46,"2018","original"
"324",20180219,"IB","no removal",109,0,"Control","Dawn",1,"old",2,2,1,"IV","Experienced",0.693147180559945,1,2,"2018","original"
"325",20180206,"LS","no removal",506,0,"CHX","Druscilla",1,"old",3,3,0,"III","Experienced",1.09861228866811,1,0,"2018","original"
"326",20180311,"LS","no removal",168,0,"Control","Hapshetsut",1,"old",7,18,0.611111111111111,"IV","Experienced",2.89037175789616,0.388888888888889,11,"2018","original"
"327",20180219,"IB","no removal",196,0,"CHX","Harmony",1,"old",0,45,0,"III","Experienced",3.80666248977032,0,0,"2018","original"
"328",20180311,"LS","no removal",362,0,"CHX","Joan",1,"old",19,19,0,"III","Experienced",2.94443897916644,1,0,"2018","original"
"329",20180311,"IB","no removal",415,0,"Control","Kendra",1,"old",5,32,0.15625,"IV","Experienced",3.46573590279973,0.15625,5,"2018","original"
"330",20180107,"IB","no removal",310,0,"Control","Ms. Calendar",1,"old",59,122,0.483606557377049,"IV","Experienced",4.80402104473326,0.483606557377049,59,"2018","original"
"331",20180107,"LS","no removal",485,0,"CHX","Spike",1,"old",74,77,0.038961038961039,"III","Experienced",4.34380542185368,0.961038961038961,3,"2018","original"
"332",20180107,"IB","no removal",536,0,"CHX","Tara",1,"old",0,35,0,"III","Experienced",3.55534806148941,0,0,"2018","original"
"333",20180311,"LS","no removal",126,0,"Control","The Anointed",1,"old",5,14,0.642857142857143,"IV","Experienced",2.63905732961526,0.357142857142857,9,"2018","original"
"334",20180325,"LS","no removal",519,0,"CHX","The Brain",1,"old",78,79,0.0126582278481012,"III","Experienced",4.36944785246702,0.987341772151899,0.999999999999995,"2018","original"
"335",20180311,"LS","no removal",68,0,"CHX","The Mayor",1,"old",6,6,0,"III","Experienced",1.79175946922805,1,0,"2018","original"
"336",20180520,"IB","no removal",209,0.497607655502392,"CHX","Amy",11,"new",0,6,0,"III","Naive",1.79175946922805,0,0,"2018","original"
"337",20180520,"IB","no removal",209,0.497607655502392,"CHX","Amy",11,"old",1,28,0.0357142857142857,"III","Experienced",3.3322045101752,0.0357142857142857,1,"2018","original"
"338",20180318,"LS","no removal",727,0.46767537826685,"CHX","Angel",11,"old",60,60,0,"III","Experienced",4.0943445622221,1,0,"2018","original"
"339",20180318,"LS","no removal",727,0.46767537826685,"CHX","Angel",11,"new",10,10,0,"III","Naive",2.30258509299405,1,0,"2018","original"
"340",20180318,"IB","no removal",304,0.588815789473684,"CHX","Anya",11,"old",1,50,0.02,"III","Experienced",3.91202300542815,0.02,1,"2018","requeened"
"341",20180318,"IB","no removal",304,0.588815789473684,"CHX","Anya",11,"new",0,5,0,"III","Naive",1.6094379124341,0,0,"2018","requeened"
"342",20180415,"LS","no removal",566,0.756183745583039,"Control","Bunny",11,"new",1,1,0,"IV","Naive",0,1,0,"2018","requeened"
"343",20180415,"LS","no removal",566,0.756183745583039,"Control","Bunny",11,"old",10,15,0.333333333333333,"IV","Experienced",2.70805020110221,0.666666666666667,4.99999999999999,"2018","requeened"
"344",20180520,"IB","no removal",125,0.824,"CHX","Clem",11,"old",7,13,0.538461538461538,"III","Experienced",2.56494935746154,0.538461538461538,6.99999999999999,"2018","original"
"345",20180520,"IB","no removal",125,0.824,"CHX","Clem",11,"new",4,4,1,"III","Naive",1.38629436111989,1,4,"2018","original"
"346",20180318,"LS","no removal",905,0.859668508287293,"Control","Cordelia",11,"new",65,112,0.419642857142857,"IV","Naive",4.71849887129509,0.580357142857143,47,"2018","original"
"347",20180429,"IB","no removal",128,0.9375,"Control","Dawn",11,"new",18,30,0.6,"IV","Naive",3.40119738166216,0.6,18,"2018","original"
"348",20180520,"LS","no removal",338,0.988165680473373,"Control","Hapshetsut",11,"new",38,74,0.486486486486487,"IV","Naive",4.30406509320417,0.513513513513513,36,"2018","original"
"349",20180429,"IB","no removal",343,0.690962099125364,"CHX","Harmony",11,"old",29,82,0.353658536585366,"III","Experienced",4.40671924726425,0.353658536585366,29,"2018","original"
"350",20180429,"IB","no removal",343,0.690962099125364,"CHX","Harmony",11,"new",10,20,0.5,"III","Naive",2.99573227355399,0.5,10,"2018","original"
"351",20180520,"LS","no removal",112,0.678571428571429,"CHX","Joan",11,"new",3,3,0,"III","Naive",1.09861228866811,1,0,"2018","original"
"352",20180520,"LS","no removal",112,0.678571428571429,"CHX","Joan",11,"old",15,22,0.318181818181818,"III","Experienced",3.09104245335832,0.681818181818182,7,"2018","original"
"353",20180520,"IB","no removal",235,0.94468085106383,"Control","Kendra",11,"new",6,29,0.206896551724138,"IV","Naive",3.36729582998647,0.206896551724138,6,"2018","original"
"354",20180520,"IB","no removal",235,0.94468085106383,"Control","Kendra",11,"old",0,1,0,"IV","Experienced",0,0,0,"2018","original"
"355",20180318,"IB","no removal",420,0.938095238095238,"Control","Ms. Calendar",11,"old",8,12,0.666666666666667,"IV","Experienced",2.484906649788,0.666666666666667,8,"2018","original"
"356",20180318,"IB","no removal",420,0.938095238095238,"Control","Ms. Calendar",11,"new",35,59,0.593220338983051,"IV","Naive",4.07753744390572,0.593220338983051,35,"2018","original"
"357",20180318,"LS","no removal",96,0.9375,"CHX","Spike",11,"old",7,7,0,"III","Experienced",1.94591014905531,1,0,"2018","requeened"
"358",20180318,"LS","no removal",96,0.9375,"CHX","Spike",11,"new",22,22,0,"III","Naive",3.09104245335832,1,0,"2018","requeened"
"359",20180318,"IB","no removal",347,0.680115273775216,"CHX","Tara",11,"old",15,33,0.454545454545455,"III","Experienced",3.49650756146648,0.454545454545455,15,"2018","original"
"360",20180318,"IB","no removal",347,0.680115273775216,"CHX","Tara",11,"new",3,10,0.3,"III","Naive",2.30258509299405,0.3,3,"2018","original"
"361",20180520,"LS","no removal",182,0.846153846153846,"Control","The Anointed",11,"new",23,37,0.378378378378378,"IV","Naive",3.61091791264422,0.621621621621622,14,"2018","original"
"362",20180520,"LS","no removal",182,0.846153846153846,"Control","The Anointed",11,"old",2,4,0.5,"IV","Experienced",1.38629436111989,0.5,2,"2018","original"
"363",20180603,"LS","no removal",402,0.997512437810945,"CHX","The Brain",11,"new",8,57,0.859649122807018,"III","Naive",4.04305126783455,0.140350877192982,49,"2018","original"
"364",20180603,"IB","no removal",109,0.779816513761468,"CHX","Amy",13,"new",0,3,0,"III","Naive",1.09861228866811,0,0,"2018","original"
"365",20180603,"IB","no removal",109,0.779816513761468,"CHX","Amy",13,"old",0,3,0,"III","Experienced",1.09861228866811,0,0,"2018","original"
"366",20180401,"LS","no removal",824,0.620145631067961,"CHX","Angel",13,"new",41,48,0.145833333333333,"III","Naive",3.87120101090789,0.854166666666667,6.99999999999998,"2018","original"
"367",20180401,"LS","no removal",824,0.620145631067961,"CHX","Angel",13,"old",12,15,0.2,"III","Experienced",2.70805020110221,0.8,3,"2018","original"
"368",20180401,"IB","no removal",268,0.735074626865672,"CHX","Anya",13,"new",0,28,0,"III","Naive",3.3322045101752,0,0,"2018","requeened"
"369",20180401,"IB","no removal",268,0.735074626865672,"CHX","Anya",13,"old",1,45,0.0222222222222222,"III","Experienced",3.80666248977032,0.0222222222222222,0.999999999999999,"2018","requeened"
"370",20180429,"LS","no removal",588,0.901360544217687,"Control","Bunny",13,"new",35,60,0.416666666666667,"IV","Naive",4.0943445622221,0.583333333333333,25,"2018","requeened"
"371",20180429,"LS","no removal",588,0.901360544217687,"Control","Bunny",13,"old",25,46,0.456521739130435,"IV","Experienced",3.8286413964891,0.543478260869565,21,"2018","requeened"
"372",20180603,"IB","no removal",208,0.956730769230769,"CHX","Clem",13,"new",2,11,0.181818181818182,"III","Naive",2.39789527279837,0.181818181818182,2,"2018","original"
"373",20180603,"IB","no removal",208,0.956730769230769,"CHX","Clem",13,"old",1,6,0.166666666666667,"III","Experienced",1.79175946922805,0.166666666666667,1,"2018","original"
"374",20180401,"LS","no removal",907,0.966923925027563,"Control","Cordelia",13,"new",67,121,0.446280991735537,"IV","Naive",4.79579054559674,0.553719008264463,54,"2018","original"
"375",20180513,"IB","no removal",108,0.981481481481482,"Control","Dawn",13,"new",7,8,0.875,"IV","Naive",2.07944154167984,0.875,7,"2018","original"
"376",20180513,"IB","no removal",108,0.981481481481482,"Control","Dawn",13,"old",0,3,0,"IV","Experienced",1.09861228866811,0,0,"2018","original"
"377",20180603,"LS","no removal",285,0.992982456140351,"Control","Hapshetsut",13,"new",17,38,0.552631578947368,"IV","Naive",3.63758615972639,0.447368421052632,21,"2018","original"
"378",20180513,"IB","no removal",346,0.809248554913295,"CHX","Harmony",13,"old",0,5,0,"III","Experienced",1.6094379124341,0,0,"2018","original"
"379",20180513,"IB","no removal",346,0.809248554913295,"CHX","Harmony",13,"new",32,43,0.744186046511628,"III","Naive",3.76120011569356,0.744186046511628,32,"2018","original"
"380",20180603,"LS","no removal",157,0.904458598726115,"CHX","Joan",13,"new",24,48,0.5,"III","Naive",3.87120101090789,0.5,24,"2018","original"
"381",20180603,"LS","no removal",157,0.904458598726115,"CHX","Joan",13,"old",32,51,0.372549019607843,"III","Experienced",3.93182563272433,0.627450980392157,19,"2018","original"
"382",20180603,"IB","no removal",266,0.988721804511278,"Control","Kendra",13,"new",10,27,0.37037037037037,"IV","Naive",3.29583686600433,0.37037037037037,9.99999999999999,"2018","original"
"383",20180401,"IB","no removal",413,0.970944309927361,"Control","Ms. Calendar",13,"new",64,116,0.551724137931034,"IV","Naive",4.75359019110636,0.551724137931034,64,"2018","original"
"384",20180401,"LS","no removal",115,0.947826086956522,"CHX","Spike",13,"new",35,35,0,"III","Naive",3.55534806148941,1,0,"2018","requeened"
"385",20180401,"IB","no removal",375,0.736,"CHX","Tara",13,"new",8,29,0.275862068965517,"III","Naive",3.36729582998647,0.275862068965517,7.99999999999999,"2018","original"
"386",20180401,"IB","no removal",375,0.736,"CHX","Tara",13,"old",20,50,0.4,"III","Experienced",3.91202300542815,0.4,20,"2018","original"
"387",20180603,"LS","no removal",141,0.978723404255319,"Control","The Anointed",13,"new",12,27,0.555555555555556,"IV","Naive",3.29583686600433,0.444444444444444,15,"2018","original"
"388",20180617,"LS","no removal",143,1,"CHX","The Brain",13,"new",0,12,1,"III","Naive",2.484906649788,0,12,"2018","original"
"389",20180603,"LS","no removal",114,0.614035087719298,"CHX","The Mayor",13,"old",2,3,0.333333333333333,"III","Experienced",1.09861228866811,0.666666666666667,0.999999999999999,"2018","original"
"390",20180617,"IB","no removal",144,0.916666666666667,"CHX","Amy",15,"new",0,14,0,"III","Naive",2.63905732961526,0,0,"2018","original"
"391",20180617,"IB","no removal",144,0.916666666666667,"CHX","Amy",15,"old",1,17,0.0588235294117647,"III","Experienced",2.83321334405622,0.0588235294117647,1,"2018","original"
"392",20180415,"LS","no removal",857,0.815635939323221,"CHX","Angel",15,"old",2,2,0,"III","Experienced",0.693147180559945,1,0,"2018","original"
"393",20180415,"LS","no removal",857,0.815635939323221,"CHX","Angel",15,"new",49,49,0,"III","Naive",3.89182029811063,1,0,"2018","original"
"394",20180415,"IB","no removal",283,0.823321554770318,"CHX","Anya",15,"new",4,42,0.0952380952380952,"III","Naive",3.73766961828337,0.0952380952380952,4,"2018","requeened"
"395",20180415,"IB","no removal",283,0.823321554770318,"CHX","Anya",15,"old",1,28,0.0357142857142857,"III","Experienced",3.3322045101752,0.0357142857142857,1,"2018","requeened"
"396",20180513,"LS","no removal",420,0.966666666666667,"Control","Bunny",15,"new",44,66,0.333333333333333,"IV","Naive",4.18965474202643,0.666666666666667,22,"2018","requeened"
"397",20180513,"LS","no removal",420,0.966666666666667,"Control","Bunny",15,"old",5,9,0.444444444444444,"IV","Experienced",2.19722457733622,0.555555555555556,4,"2018","requeened"
"398",20180617,"IB","no removal",79,0.949367088607595,"CHX","Clem",15,"old",1,3,0.333333333333333,"III","Experienced",1.09861228866811,0.333333333333333,0.999999999999999,"2018","original"
"399",20180617,"IB","no removal",79,0.949367088607595,"CHX","Clem",15,"new",1,13,0.0769230769230769,"III","Naive",2.56494935746154,0.0769230769230769,1,"2018","original"
"400",20180415,"LS","no removal",988,0.993927125506073,"Control","Cordelia",15,"new",66,114,0.421052631578947,"IV","Naive",4.7361984483945,0.578947368421053,48,"2018","original"
"401",20180527,"IB","no removal",100,0.99,"Control","Dawn",15,"new",1,11,0.0909090909090909,"IV","Naive",2.39789527279837,0.0909090909090909,1,"2018","original"
"402",20180527,"IB","no removal",100,0.99,"Control","Dawn",15,"old",0,5,0,"IV","Experienced",1.6094379124341,0,0,"2018","original"
"403",20180617,"LS","no removal",289,1,"Control","Hapshetsut",15,"new",41,90,0.544444444444445,"IV","Naive",4.49980967033027,0.455555555555556,49,"2018","original"
"404",20180527,"IB","no removal",307,0.866449511400652,"CHX","Harmony",15,"old",0,5,0,"III","Experienced",1.6094379124341,0,0,"2018","original"
"405",20180527,"IB","no removal",307,0.866449511400652,"CHX","Harmony",15,"new",21,36,0.583333333333333,"III","Naive",3.58351893845611,0.583333333333333,21,"2018","original"
"406",20180617,"LS","no removal",200,0.945,"CHX","Joan",15,"old",34,39,0.128205128205128,"III","Experienced",3.66356164612965,0.871794871794872,4.99999999999999,"2018","original"
"407",20180617,"LS","no removal",200,0.945,"CHX","Joan",15,"new",36,68,0.470588235294118,"III","Naive",4.21950770517611,0.529411764705882,32,"2018","original"
"408",20180617,"IB","no removal",181,0.988950276243094,"Control","Kendra",15,"new",84,129,0.651162790697674,"IV","Naive",4.85981240436167,0.651162790697674,83.9999999999999,"2018","original"
"409",20180415,"IB","no removal",403,0.982630272952854,"Control","Ms. Calendar",15,"new",51,87,0.586206896551724,"IV","Naive",4.46590811865458,0.586206896551724,51,"2018","original"
"410",20180415,"LS","no removal",235,0.974468085106383,"CHX","Spike",15,"old",2,2,0,"III","Experienced",0.693147180559945,1,0,"2018","requeened"
"411",20180415,"LS","no removal",235,0.974468085106383,"CHX","Spike",15,"new",20,21,0.0476190476190477,"III","Naive",3.04452243772342,0.952380952380952,1,"2018","requeened"
"412",20180415,"IB","no removal",329,0.759878419452888,"CHX","Tara",15,"old",9,23,0.391304347826087,"III","Experienced",3.13549421592915,0.391304347826087,9,"2018","original"
"413",20180415,"IB","no removal",329,0.759878419452888,"CHX","Tara",15,"new",16,72,0.222222222222222,"III","Naive",4.27666611901606,0.222222222222222,16,"2018","original"
"414",20180617,"LS","no removal",133,0.977443609022556,"Control","The Anointed",15,"new",43,75,0.426666666666667,"IV","Naive",4.31748811353631,0.573333333333333,32,"2018","original"
"415",20180701,"LS","no removal",133,1,"CHX","The Brain",15,"new",23,48,0.520833333333333,"III","Naive",3.87120101090789,0.479166666666667,25,"2018","original"
"416",20180617,"LS","no removal",137,0.737226277372263,"CHX","The Mayor",15,"old",35,36,0.0277777777777778,"III","Experienced",3.58351893845611,0.972222222222222,1,"2018","original"
"417",20180617,"LS","no removal",137,0.737226277372263,"CHX","The Mayor",15,"new",3,3,0,"III","Naive",1.09861228866811,1,0,"2018","original"
"418",20180701,"IB","no removal",127,0.94488188976378,"CHX","Amy",17,"old",0,1,0,"III","Experienced",0,0,0,"2018","original"
"419",20180701,"IB","no removal",127,0.94488188976378,"CHX","Amy",17,"new",2,12,0.166666666666667,"III","Naive",2.484906649788,0.166666666666667,2,"2018","original"
"420",20180429,"LS","no removal",851,0.958871915393655,"CHX","Angel",17,"new",74,108,0.314814814814815,"III","Naive",4.68213122712422,0.685185185185185,34,"2018","original"
"421",20180429,"IB","no removal",237,0.919831223628692,"CHX","Anya",17,"old",0,2,0,"III","Experienced",0.693147180559945,0,0,"2018","requeened"
"422",20180429,"IB","no removal",237,0.919831223628692,"CHX","Anya",17,"new",35,83,0.421686746987952,"III","Naive",4.4188406077966,0.421686746987952,35,"2018","requeened"
"423",20180527,"LS","no removal",333,0.984984984984985,"Control","Bunny",17,"new",22,64,0.65625,"IV","Naive",4.15888308335967,0.34375,42,"2018","requeened"
"424",20180701,"IB","no removal",59,0.966101694915254,"CHX","Clem",17,"new",1,10,0.1,"III","Naive",2.30258509299405,0.1,1,"2018","original"
"425",20180429,"LS","no removal",1065,1,"Control","Cordelia",17,"new",51,112,0.544642857142857,"IV","Naive",4.71849887129509,0.455357142857143,61,"2018","original"
"426",20180610,"IB","no removal",84,1,"Control","Dawn",17,"new",3,11,0.272727272727273,"IV","Naive",2.39789527279837,0.272727272727273,3,"2018","original"
"427",20180701,"LS","no removal",320,0.996875,"Control","Hapshetsut",17,"new",28,33,0.151515151515151,"IV","Naive",3.49650756146648,0.848484848484849,4.99999999999998,"2018","original"
"428",20180701,"LS","no removal",320,0.996875,"Control","Hapshetsut",17,"old",0,1,1,"IV","Experienced",0,0,1,"2018","original"
"429",20180610,"IB","no removal",299,0.979933110367893,"CHX","Harmony",17,"new",30,62,0.483870967741935,"III","Naive",4.12713438504509,0.483870967741935,30,"2018","original"
"430",20180701,"LS","no removal",225,0.977777777777778,"CHX","Joan",17,"new",41,52,0.211538461538462,"III","Naive",3.95124371858143,0.788461538461538,11,"2018","original"
"431",20180701,"LS","no removal",225,0.977777777777778,"CHX","Joan",17,"old",6,6,0,"III","Experienced",1.79175946922805,1,0,"2018","original"
"432",20180429,"IB","no removal",484,0.997933884297521,"Control","Ms. Calendar",17,"new",66,120,0.55,"IV","Naive",4.78749174278205,0.55,66,"2018","original"
"433",20180429,"LS","no removal",254,0.980314960629921,"CHX","Spike",17,"new",35,56,0.375,"III","Naive",4.02535169073515,0.625,21,"2018","requeened"
"434",20180429,"IB","no removal",298,0.855704697986577,"CHX","Tara",17,"new",17,62,0.274193548387097,"III","Naive",4.12713438504509,0.274193548387097,17,"2018","original"
"435",20180429,"IB","no removal",298,0.855704697986577,"CHX","Tara",17,"old",9,18,0.5,"III","Experienced",2.89037175789616,0.5,9,"2018","original"
"436",20180701,"LS","no removal",179,1,"Control","The Anointed",17,"new",47,80,0.4125,"IV","Naive",4.38202663467388,0.5875,33,"2018","original"
"437",20180701,"LS","no removal",189,0.851851851851852,"CHX","The Mayor",17,"new",26,46,0.434782608695652,"III","Naive",3.8286413964891,0.565217391304348,20,"2018","original"
"438",20180701,"LS","no removal",189,0.851851851851852,"CHX","The Mayor",17,"old",7,8,0.125,"III","Experienced",2.07944154167984,0.875,1,"2018","original"
"439",20180715,"IB","no removal",127,1,"CHX","Amy",19,"new",0,17,0,"III","Naive",2.83321334405622,0,0,"2018","original"
"440",20180513,"LS","no removal",652,0.993865030674847,"CHX","Angel",19,"new",59,64,0.078125,"III","Naive",4.15888308335967,0.921875,5,"2018","original"
"441",20180513,"IB","no removal",226,0.969026548672566,"CHX","Anya",19,"new",37,73,0.506849315068493,"III","Naive",4.29045944114839,0.506849315068493,37,"2018","requeened"
"442",20180513,"IB","no removal",226,0.969026548672566,"CHX","Anya",19,"old",2,5,0.4,"III","Experienced",1.6094379124341,0.4,2,"2018","requeened"
"443",20180610,"LS","no removal",326,0.993865030674847,"Control","Bunny",19,"new",67,135,0.503703703703704,"IV","Naive",4.90527477843843,0.496296296296296,68,"2018","requeened"
"444",20180715,"IB","no removal",34,1,"CHX","Clem",19,"new",12,18,0.666666666666667,"III","Naive",2.89037175789616,0.666666666666667,12,"2018","original"
"445",20180513,"LS","no removal",938,1,"Control","Cordelia",19,"new",57,97,0.412371134020619,"IV","Naive",4.57471097850338,0.587628865979381,40,"2018","original"
"446",20180715,"LS","no removal",347,1,"Control","Hapshetsut",19,"new",28,56,0.5,"IV","Naive",4.02535169073515,0.5,28,"2018","original"
"447",20180624,"IB","no removal",277,0.992779783393502,"CHX","Harmony",19,"new",27,60,0.45,"III","Naive",4.0943445622221,0.45,27,"2018","original"
"448",20180715,"LS","no removal",275,1,"CHX","Joan",19,"new",52,79,0.341772151898734,"III","Naive",4.36944785246702,0.658227848101266,27,"2018","original"
"449",20180513,"IB","no removal",418,1,"Control","Ms. Calendar",19,"new",75,102,0.735294117647059,"IV","Naive",4.62497281328427,0.735294117647059,75,"2018","original"
"450",20180513,"LS","no removal",258,0.996124031007752,"CHX","Spike",19,"new",45,85,0.470588235294118,"III","Naive",4.44265125649032,0.529411764705882,40,"2018","requeened"
"451",20180513,"LS","no removal",258,0.996124031007752,"CHX","Spike",19,"old",4,4,0,"III","Experienced",1.38629436111989,1,0,"2018","requeened"
"452",20180513,"IB","no removal",266,0.988721804511278,"CHX","Tara",19,"new",2,18,0.111111111111111,"III","Naive",2.89037175789616,0.111111111111111,2,"2018","original"
"453",20180715,"LS","no removal",224,0.924107142857143,"CHX","The Mayor",19,"new",38,83,0.542168674698795,"III","Naive",4.4188406077966,0.457831325301205,45,"2018","original"
"454",20180527,"LS","no removal",474,0.99789029535865,"CHX","Angel",21,"new",57,75,0.24,"III","Naive",4.31748811353631,0.76,18,"2018","original"
"455",20180527,"IB","no removal",249,0.995983935742972,"CHX","Anya",21,"new",44,85,0.517647058823529,"III","Naive",4.44265125649032,0.517647058823529,44,"2018","requeened"
"456",20180624,"LS","no removal",283,0.996466431095406,"Control","Bunny",21,"new",21,55,0.618181818181818,"IV","Naive",4.00733318523247,0.381818181818182,34,"2018","requeened"
"457",20180708,"IB","no removal",301,1,"CHX","Harmony",21,"new",49,70,0.7,"III","Naive",4.24849524204936,0.7,49,"2018","original"
"458",20180527,"LS","no removal",284,1,"CHX","Spike",21,"new",27,47,0.425531914893617,"III","Naive",3.85014760171006,0.574468085106383,20,"2018","requeened"
"459",20180527,"IB","no removal",244,1,"CHX","Tara",21,"new",20,50,0.4,"III","Naive",3.91202300542815,0.4,20,"2018","original"
"460",20180610,"LS","no removal",253,1,"CHX","Angel",23,"new",50,81,0.382716049382716,"III","Naive",4.39444915467244,0.617283950617284,31,"2018","original"
"461",20180610,"IB","no removal",250,1,"CHX","Anya",23,"new",81,116,0.698275862068966,"III","Naive",4.75359019110636,0.698275862068966,81.0000000000001,"2018","requeened"
"462",20180708,"LS","no removal",271,1,"Control","Bunny",23,"new",43,84,0.488095238095238,"IV","Naive",4.43081679884331,0.511904761904762,41,"2018","requeened"
"463",20180325,"IB","no removal",405,0.197530864197531,"CHX","Amy",3,"old",0,41,0,"III","Experienced",3.71357206670431,0,0,"2018","original"
"464",20180408,"IB","no removal",121,0.0826446280991736,"Control","Andrew",3,"old",44,54,0.814814814814815,"IV","Experienced",3.98898404656427,0.814814814814815,44,"2018","original"
"465",20180121,"LS","no removal",497,0.0643863179074447,"CHX","Angel",3,"old",35,36,0.0277777777777778,"III","Experienced",3.58351893845611,0.972222222222222,1,"2018","original"
"466",20180121,"IB","no removal",399,0.0701754385964912,"CHX","Anya",3,"old",1,18,0.0555555555555556,"III","Experienced",2.89037175789616,0.0555555555555556,1,"2018","original"
"467",20180219,"LS","no removal",693,0.343434343434343,"Control","Bunny",3,"old",66,124,0.467741935483871,"IV","Experienced",4.82028156560504,0.532258064516129,58,"2018","requeened"
"468",20180325,"IB","no removal",394,0.144670050761421,"CHX","Clem",3,"old",0,17,0,"III","Experienced",2.83321334405622,0,0,"2018","original"
"469",20180121,"LS","no removal",580,0.23448275862069,"Control","Cordelia",3,"old",64,116,0.448275862068966,"IV","Experienced",4.75359019110636,0.551724137931034,52.0000000000001,"2018","original"
"470",20180304,"IB","no removal",131,0.221374045801527,"Control","Dawn",3,"old",33,66,0.5,"IV","Experienced",4.18965474202643,0.5,33,"2018","original"
"471",20180219,"LS","no removal",468,0.16025641025641,"CHX","Druscilla",3,"old",9,11,0.181818181818182,"III","Experienced",2.39789527279837,0.818181818181818,2,"2018","original"
"472",20180325,"LS","no removal",137,0.153284671532847,"Control","Hapshetsut",3,"old",1,8,0.875,"IV","Experienced",2.07944154167984,0.125,7,"2018","original"
"473",20180304,"IB","no removal",195,0.153846153846154,"CHX","Harmony",3,"old",28,75,0.373333333333333,"III","Experienced",4.31748811353631,0.373333333333333,28,"2018","original"
"474",20180325,"LS","no removal",394,0.223350253807107,"CHX","Joan",3,"old",44,44,0,"III","Experienced",3.78418963391826,1,0,"2018","original"
"475",20180325,"IB","no removal",356,0.26123595505618,"Control","Kendra",3,"old",1,36,0.0277777777777778,"IV","Experienced",3.58351893845611,0.0277777777777778,1,"2018","original"
"476",20180121,"IB","no removal",400,0.26,"Control","Ms. Calendar",3,"old",25,51,0.490196078431373,"IV","Experienced",3.93182563272433,0.490196078431373,25,"2018","original"
"477",20180121,"LS","no removal",536,0.188432835820896,"CHX","Spike",3,"old",45,46,0.0217391304347826,"III","Experienced",3.8286413964891,0.978260869565217,1,"2018","original"
"478",20180121,"IB","no removal",383,0.0522193211488251,"CHX","Tara",3,"old",0,19,0,"III","Experienced",2.94443897916644,0,0,"2018","original"
"479",20180325,"LS","no removal",134,0.164179104477612,"Control","The Anointed",3,"old",4,6,0.333333333333333,"IV","Experienced",1.79175946922805,0.666666666666667,2,"2018","original"
"480",20180408,"LS","no removal",643,0.290824261275272,"CHX","The Brain",3,"old",75,76,0.0131578947368421,"III","Experienced",4.33073334028633,0.986842105263158,1,"2018","original"
"481",20180325,"LS","no removal",60,0.0333333333333333,"CHX","The Mayor",3,"old",6,6,0,"III","Experienced",1.79175946922805,1,0,"2018","original"
"482",20180408,"IB","no removal",336,0.300595238095238,"CHX","Amy",5,"old",0,9,0,"III","Experienced",2.19722457733622,0,0,"2018","original"
"483",20180422,"IB","no removal",116,0.112068965517241,"Control","Andrew",5,"old",25,30,0.833333333333333,"IV","Experienced",3.40119738166216,0.833333333333333,25,"2018","original"
"484",20180204,"LS","no removal",522,0.120689655172414,"CHX","Angel",5,"old",29,29,0,"III","Experienced",3.36729582998647,1,0,"2018","original"
"485",20180204,"IB","no removal",411,0.180048661800487,"CHX","Anya",5,"old",1,14,0.0714285714285714,"III","Experienced",2.63905732961526,0.0714285714285714,1,"2018","requeened"
"486",20180304,"LS","no removal",294,1,"Control","Bunny",5,"new",1,1,0,"IV","Naive",0,1,0,"2018","requeened"
"487",20180304,"LS","no removal",294,1,"Control","Bunny",5,"old",42,78,0.461538461538462,"IV","Experienced",4.35670882668959,0.538461538461538,36,"2018","requeened"
"488",20180408,"IB","no removal",321,0.305295950155763,"CHX","Clem",5,"old",0,26,0,"III","Experienced",3.25809653802148,0,0,"2018","original"
"489",20180204,"LS","no removal",710,0.477464788732394,"Control","Cordelia",5,"old",49,71,0.309859154929577,"IV","Experienced",4.26267987704132,0.690140845070423,22,"2018","original"
"490",20180318,"IB","no removal",142,0.429577464788732,"Control","Dawn",5,"old",21,44,0.477272727272727,"IV","Experienced",3.78418963391826,0.477272727272727,21,"2018","original"
"491",20180304,"LS","no removal",436,0.247706422018349,"CHX","Druscilla",5,"old",31,45,0.311111111111111,"III","Experienced",3.80666248977032,0.688888888888889,14,"2018","original"
"492",20180408,"LS","no removal",230,0.560869565217391,"Control","Hapshetsut",5,"old",21,70,0.7,"IV","Experienced",4.24849524204936,0.3,49,"2018","original"
"493",20180318,"IB","no removal",216,0.356481481481481,"CHX","Harmony",5,"old",2,40,0.05,"III","Experienced",3.68887945411394,0.05,2,"2018","original"
"494",20180408,"LS","no removal",338,0.239644970414201,"CHX","Joan",5,"old",7,7,0,"III","Experienced",1.94591014905531,1,0,"2018","original"
"495",20180408,"IB","no removal",309,0.27831715210356,"Control","Kendra",5,"old",9,42,0.214285714285714,"IV","Experienced",3.73766961828337,0.214285714285714,8.99999999999999,"2018","original"
"496",20180204,"IB","no removal",473,0.490486257928118,"Control","Ms. Calendar",5,"old",51,92,0.554347826086957,"IV","Experienced",4.52178857704904,0.554347826086957,51,"2018","original"
"497",20180204,"LS","no removal",491,0.317718940936864,"CHX","Spike",5,"old",34,35,0.0285714285714286,"III","Experienced",3.55534806148941,0.971428571428571,1,"2018","original"
"498",20180204,"IB","no removal",373,0.112600536193029,"CHX","Tara",5,"old",3,24,0.125,"III","Experienced",3.17805383034795,0.125,3,"2018","original"
"499",20180408,"LS","no removal",117,0.222222222222222,"Control","The Anointed",5,"old",0,3,1,"IV","Experienced",1.09861228866811,0,3,"2018","original"
"500",20180422,"LS","no removal",662,0.450151057401813,"CHX","The Brain",5,"old",17,17,0,"III","Experienced",2.83321334405622,1,0,"2018","original"
"501",20180408,"LS","no removal",53,0.0377358490566038,"CHX","The Mayor",5,"old",14,14,0,"III","Experienced",2.63905732961526,1,0,"2018","original"
"502",20180422,"IB","no removal",272,0.330882352941176,"CHX","Amy",7,"old",0,32,0,"III","Experienced",3.46573590279973,0,0,"2018","original"
"503",20180506,"IB","no removal",98,0.285714285714286,"Control","Andrew",7,"old",36,49,0.73469387755102,"IV","Experienced",3.89182029811063,0.73469387755102,36,"2018","original"
"504",20180219,"LS","no removal",539,0.187384044526902,"CHX","Angel",7,"old",47,48,0.0208333333333334,"III","Experienced",3.87120101090789,0.979166666666667,1,"2018","original"
"505",20180219,"IB","no removal",320,0.246875,"CHX","Anya",7,"old",0,39,0,"III","Experienced",3.66356164612965,0,0,"2018","requeened"
"506",20180318,"LS","no removal",548,0.569343065693431,"Control","Bunny",7,"old",40,69,0.420289855072464,"IV","Experienced",4.23410650459726,0.579710144927536,29,"2018","requeened"
"507",20180422,"IB","no removal",296,0.39527027027027,"CHX","Clem",7,"old",0,24,0,"III","Experienced",3.17805383034795,0,0,"2018","original"
"508",20180219,"LS","no removal",836,0.535885167464115,"Control","Cordelia",7,"new",10,16,0.375,"IV","Naive",2.77258872223978,0.625,6,"2018","original"
"509",20180219,"LS","no removal",836,0.535885167464115,"Control","Cordelia",7,"old",23,47,0.51063829787234,"IV","Experienced",3.85014760171006,0.48936170212766,24,"2018","original"
"510",20180401,"IB","no removal",139,0.539568345323741,"Control","Dawn",7,"old",37,62,0.596774193548387,"IV","Experienced",4.12713438504509,0.596774193548387,37,"2018","original"
"511",20180318,"LS","no removal",374,0.320855614973262,"CHX","Druscilla",7,"old",48,52,0.0769230769230769,"III","Experienced",3.95124371858143,0.923076923076923,4,"2018","original"
"512",20180422,"LS","no removal",355,0.830985915492958,"Control","Hapshetsut",7,"old",24,34,0.294117647058823,"IV","Experienced",3.52636052461616,0.705882352941177,9.99999999999998,"2018","original"
"513",20180401,"IB","no removal",261,0.455938697318008,"CHX","Harmony",7,"old",11,88,0.125,"III","Experienced",4.47733681447821,0.125,11,"2018","original"
"514",20180422,"LS","no removal",328,0.323170731707317,"CHX","Joan",7,"old",64,64,0,"III","Experienced",4.15888308335967,1,0,"2018","original"
"515",20180422,"IB","no removal",192,0.40625,"Control","Kendra",7,"old",2,19,0.105263157894737,"IV","Experienced",2.94443897916644,0.105263157894737,2,"2018","original"
"516",20180219,"IB","no removal",547,0.60146252285192,"Control","Ms. Calendar",7,"old",38,54,0.703703703703704,"IV","Experienced",3.98898404656427,0.703703703703704,38,"2018","original"
"517",20180219,"IB","no removal",547,0.60146252285192,"Control","Ms. Calendar",7,"new",1,1,1,"IV","Naive",0,1,1,"2018","original"
"518",20180219,"LS","no removal",154,0.779220779220779,"CHX","Spike",7,"new",5,5,0,"III","Naive",1.6094379124341,1,0,"2018","requeened"
"519",20180219,"LS","no removal",154,0.779220779220779,"CHX","Spike",7,"old",19,19,0,"III","Experienced",2.94443897916644,1,0,"2018","requeened"
"520",20180219,"IB","no removal",358,0.14804469273743,"CHX","Tara",7,"old",0,17,0,"III","Experienced",2.83321334405622,0,0,"2018","original"
"521",20180422,"LS","no removal",141,0.411347517730496,"Control","The Anointed",7,"old",1,7,0.857142857142857,"IV","Experienced",1.94591014905531,0.142857142857143,6,"2018","original"
"522",20180506,"LS","no removal",650,0.593846153846154,"CHX","The Brain",7,"new",15,16,0.0625,"III","Naive",2.77258872223978,0.9375,1,"2018","original"
"523",20180506,"LS","no removal",650,0.593846153846154,"CHX","The Brain",7,"old",23,23,0,"III","Experienced",3.13549421592915,1,0,"2018","original"
"524",20180422,"LS","no removal",52,0.0192307692307692,"CHX","The Mayor",7,"old",4,5,0.2,"III","Experienced",1.6094379124341,0.8,1,"2018","original"
"525",20180506,"IB","no removal",244,0.401639344262295,"CHX","Amy",9,"new",0,2,0,"III","Naive",0.693147180559945,0,0,"2018","original"
"526",20180506,"IB","no removal",244,0.401639344262295,"CHX","Amy",9,"old",1,40,0.025,"III","Experienced",3.68887945411394,0.025,1,"2018","original"
"527",20180520,"IB","no removal",146,0.691780821917808,"Control","Andrew",9,"old",13,15,0.866666666666667,"IV","Experienced",2.70805020110221,0.866666666666667,13,"2018","original"
"528",20180304,"LS","no removal",706,0.382436260623229,"CHX","Angel",9,"new",0,1,1,"III","Naive",0,0,1,"2018","original"
"529",20180304,"LS","no removal",706,0.382436260623229,"CHX","Angel",9,"old",57,66,0.136363636363636,"III","Experienced",4.18965474202643,0.863636363636364,8.99999999999998,"2018","original"
"530",20180304,"IB","no removal",282,0.411347517730496,"CHX","Anya",9,"old",2,43,0.0465116279069767,"III","Experienced",3.76120011569356,0.0465116279069767,2,"2018","requeened"
"531",20180401,"LS","no removal",544,0.632352941176471,"Control","Bunny",9,"new",2,4,0.5,"IV","Naive",1.38629436111989,0.5,2,"2018","requeened"
"532",20180401,"LS","no removal",544,0.632352941176471,"Control","Bunny",9,"old",48,99,0.515151515151515,"IV","Experienced",4.59511985013459,0.484848484848485,51,"2018","requeened"
"533",20180506,"IB","no removal",168,0.636904761904762,"CHX","Clem",9,"new",1,5,0.2,"III","Naive",1.6094379124341,0.2,1,"2018","original"
"534",20180506,"IB","no removal",168,0.636904761904762,"CHX","Clem",9,"old",3,21,0.142857142857143,"III","Experienced",3.04452243772342,0.142857142857143,3,"2018","original"
"535",20180304,"LS","no removal",936,0.701923076923077,"Control","Cordelia",9,"new",40,58,0.310344827586207,"IV","Naive",4.06044301054642,0.689655172413793,18,"2018","original"
"536",20180304,"LS","no removal",936,0.701923076923077,"Control","Cordelia",9,"old",3,13,0.769230769230769,"IV","Experienced",2.56494935746154,0.230769230769231,10,"2018","original"
"537",20180415,"IB","no removal",130,0.776923076923077,"Control","Dawn",9,"old",10,20,0.5,"IV","Experienced",2.99573227355399,0.5,10,"2018","original"
"538",20180415,"IB","no removal",130,0.776923076923077,"Control","Dawn",9,"new",6,20,0.3,"IV","Naive",2.99573227355399,0.3,6,"2018","original"
"539",20180506,"LS","no removal",340,0.935294117647059,"Control","Hapshetsut",9,"new",3,11,0.727272727272727,"IV","Naive",2.39789527279837,0.272727272727273,8,"2018","original"
"540",20180506,"LS","no removal",340,0.935294117647059,"Control","Hapshetsut",9,"old",3,9,0.666666666666667,"IV","Experienced",2.19722457733622,0.333333333333333,6,"2018","original"
"541",20180415,"IB","no removal",300,0.593333333333333,"CHX","Harmony",9,"old",18,59,0.305084745762712,"III","Experienced",4.07753744390572,0.305084745762712,18,"2018","original"
"542",20180506,"LS","no removal",311,0.363344051446945,"CHX","Joan",9,"new",2,2,0,"III","Naive",0.693147180559945,1,0,"2018","original"
"543",20180506,"LS","no removal",311,0.363344051446945,"CHX","Joan",9,"old",71,71,0,"III","Experienced",4.26267987704132,1,0,"2018","original"
"544",20180506,"IB","no removal",268,0.667910447761194,"Control","Kendra",9,"new",0,5,0,"IV","Naive",1.6094379124341,0,0,"2018","original"
"545",20180506,"IB","no removal",268,0.667910447761194,"Control","Kendra",9,"old",6,27,0.222222222222222,"IV","Experienced",3.29583686600433,0.222222222222222,5.99999999999999,"2018","original"
"546",20180304,"IB","no removal",374,1,"Control","Ms. Calendar",9,"new",39,76,0.513157894736842,"IV","Naive",4.33073334028633,0.513157894736842,39,"2018","original"
"547",20180304,"IB","no removal",374,1,"Control","Ms. Calendar",9,"old",4,5,0.8,"IV","Experienced",1.6094379124341,0.8,4,"2018","original"
"548",20180304,"LS","no removal",100,0.94,"CHX","Spike",9,"new",9,14,0.357142857142857,"III","Naive",2.63905732961526,0.642857142857143,5,"2018","requeened"
"549",20180304,"LS","no removal",100,0.94,"CHX","Spike",9,"old",10,17,0.411764705882353,"III","Experienced",2.83321334405622,0.588235294117647,7,"2018","requeened"
"550",20180304,"IB","no removal",395,0.392405063291139,"CHX","Tara",9,"old",5,39,0.128205128205128,"III","Experienced",3.66356164612965,0.128205128205128,4.99999999999999,"2018","original"
"551",20180506,"LS","no removal",180,0.7,"Control","The Anointed",9,"new",19,23,0.173913043478261,"IV","Naive",3.13549421592915,0.826086956521739,4,"2018","original"
"552",20180506,"LS","no removal",180,0.7,"Control","The Anointed",9,"old",11,14,0.214285714285714,"IV","Experienced",2.63905732961526,0.785714285714286,3,"2018","original"
"553",20180520,"LS","no removal",562,0.870106761565836,"CHX","The Brain",9,"old",9,12,0.25,"III","Experienced",2.484906649788,0.75,3,"2018","original"
"554",20180520,"LS","no removal",562,0.870106761565836,"CHX","The Brain",9,"new",25,72,0.652777777777778,"III","Naive",4.27666611901606,0.347222222222222,47,"2018","original"
"555",20180506,"LS","no removal",51,0.0392156862745098,"CHX","The Mayor",9,"old",4,4,0,"III","Experienced",1.38629436111989,1,0,"2018","original"
